month,animals,unit,geo\time	2021 	2020 	2019 	2018 	2017 	2016 	2015 	2014 	2013 	2012 	2011 	2010 	2009 	2008 	2007 	2006 	2005 	2004 	2003 	2002 	2001 	2000 	1999 	1998 	1997 	1996 	1995 	1994 	1993 	1992 	1991 	1990 	1989 	1988 	1987 	1986 	1985 	1984 	1983 	1982 	1981 	1980 	1979 	1978 	1977 	1976 	1975 	1974 	1973 	1972 	1971 	1970 	1969 	1968 	1967 	1966 	1965 	1964 	1963 	1962 	1961 	1960 
M05_M06,A4200,THS_HD,BE	: 	: 	: 	: 	: 	: 	: 	: 	: 	: 	: 	32.02 	31.67 	30.87 	28.87 	27.99 	: 	: 	26.24 	25.02 	: 	: 	: 	: 	: 	: 	: 	: 	: 	: 	: 	: 	: 	: 	: 	: 	: 	: 	: 	: 	: 	: 	: 	: 	: 	: 	: 	: 	: 	: 	: 	: 	: 	: 	: 	: 	: 	: 	: 	: 	: 	: 
M05_M06,A4200,THS_HD,BG	: 	: 	: 	: 	: 	: 	: 	: 	: 	: 	: 	: 	: 	730.31 	: 	880.42 	: 	1068.80 	1059.90 	1009.50 	853.10 	: 	: 	: 	: 	: 	: 	: 	: 	: 	: 	: 	: 	: 	: 	: 	: 	: 	: 	: 	: 	: 	: 	: 	: 	: 	: 	: 	: 	: 	: 	: 	: 	: 	: 	: 	: 	: 	: 	: 	: 	: 
M05_M06,A4200,THS_HD,HU	: 	: 	: 	: 	: 	: 	: 	: 	: 	: 	: 	: 	: 	: 	: 	: 	: 	: 	: 	101.00 	: 	: 	: 	: 	: 	: 	: 	: 	: 	: 	: 	: 	: 	: 	: 	: 	: 	: 	: 	: 	: 	: 	: 	: 	: 	: 	: 	: 	: 	: 	: 	: 	: 	: 	: 	: 	: 	: 	: 	: 	: 	: 
M05_M06,A4200,THS_HD,IE	: 	: 	: 	: 	: 	: 	: 	: 	: 	: 	: 	0.00 	0.00 	8.90 	7.30 	6.70 	7.30 	7.50 	7.60 	7.70 	7.80 	8.10 	: 	: 	: 	: 	: 	: 	: 	: 	: 	: 	: 	: 	: 	: 	: 	: 	: 	: 	: 	: 	: 	: 	: 	: 	: 	: 	: 	: 	: 	: 	: 	: 	: 	: 	: 	: 	: 	: 	: 	: 
M05_M06,A4200,THS_HD,LT	: 	: 	: 	: 	: 	: 	: 	: 	: 	: 	: 	: 	: 	: 	: 	: 	: 	: 	43.20 	: 	: 	: 	: 	: 	: 	: 	: 	: 	: 	: 	: 	: 	: 	: 	: 	: 	: 	: 	: 	: 	: 	: 	: 	: 	: 	: 	: 	: 	: 	: 	: 	: 	: 	: 	: 	: 	: 	: 	: 	: 	: 	: 
M05_M06,A4200,THS_HD,LU	: 	: 	: 	: 	: 	: 	: 	: 	: 	: 	: 	: 	: 	: 	2.66 	1.95 	2.20 	2.01 	: 	: 	: 	: 	: 	: 	: 	: 	: 	: 	: 	: 	: 	: 	: 	: 	: 	: 	: 	: 	: 	: 	: 	: 	: 	: 	: 	: 	: 	: 	: 	: 	: 	: 	: 	: 	: 	: 	: 	: 	: 	: 	: 	: 
M05_M06,A4200,THS_HD,LV	: 	: 	: 	: 	: 	: 	: 	: 	: 	: 	: 	: 	: 	: 	: 	: 	: 	14.70 	16.90 	14.80 	: 	: 	: 	: 	: 	: 	: 	: 	: 	: 	: 	: 	: 	: 	: 	: 	: 	: 	: 	: 	: 	: 	: 	: 	: 	: 	: 	: 	: 	: 	: 	: 	: 	: 	: 	: 	: 	: 	: 	: 	: 	: 
M05_M06,A4200,THS_HD,NL	: 	: 	: 	: 	: 	: 	: 	: 	: 	: 	: 	: 	410.00 	: 	: 	: 	: 	: 	: 	: 	: 	: 	: 	: 	: 	: 	: 	: 	: 	: 	: 	: 	: 	: 	: 	: 	: 	: 	: 	: 	: 	: 	: 	: 	: 	: 	: 	: 	: 	: 	: 	: 	: 	: 	: 	: 	: 	: 	: 	: 	: 	: 
M05_M06,A4200,THS_HD,PL	: 	: 	: 	: 	: 	: 	: 	: 	: 	: 	: 	: 	: 	: 	143.93 	130.37 	138.04 	175.76 	192.47 	193.36 	171.97 	176.47 	181.05 	185.50 	: 	179.32 	: 	: 	: 	: 	: 	: 	: 	: 	: 	: 	: 	: 	: 	: 	: 	: 	: 	: 	: 	: 	: 	: 	: 	: 	: 	: 	: 	: 	: 	: 	: 	: 	: 	: 	: 	: 
M05_M06,A4200,THS_HD,SE	: 	: 	: 	: 	: 	: 	: 	: 	: 	: 	: 	: 	: 	: 	: 	: 	: 	6.00 	5.51 	: 	: 	: 	: 	: 	: 	: 	: 	: 	: 	: 	: 	: 	: 	: 	: 	: 	: 	: 	: 	: 	: 	: 	: 	: 	: 	: 	: 	: 	: 	: 	: 	: 	: 	: 	: 	: 	: 	: 	: 	: 	: 	: 
M05_M06,A4200,THS_HD,SI	: 	: 	: 	: 	: 	: 	: 	: 	: 	: 	: 	: 	: 	: 	: 	: 	: 	: 	28.69 	: 	: 	22.04 	: 	: 	: 	: 	: 	: 	: 	: 	: 	: 	: 	: 	: 	: 	: 	: 	: 	: 	: 	: 	: 	: 	: 	: 	: 	: 	: 	: 	: 	: 	: 	: 	: 	: 	: 	: 	: 	: 	: 	: 
M05_M06,A4200,THS_HD,UK	: 	: 	: 	: 	: 	: 	: 	: 	: 	: 	: 	: 	: 	: 	: 	97.91 	: 	91.55 	88.45 	93.38 	74.78 	76.22 	77.16 	: 	: 	: 	: 	: 	: 	: 	: 	: 	: 	: 	: 	: 	: 	: 	: 	: 	: 	: 	: 	: 	: 	: 	: 	: 	: 	: 	: 	: 	: 	: 	: 	: 	: 	: 	: 	: 	: 	: 
M05_M06,A4210K,THS_HD,BE	: 	: 	: 	: 	: 	: 	: 	: 	: 	: 	: 	0.00 	0.00 	: 	: 	: 	: 	: 	24.12 	: 	: 	: 	: 	: 	: 	: 	: 	: 	: 	: 	: 	: 	: 	: 	: 	: 	: 	: 	: 	: 	: 	: 	: 	: 	: 	: 	: 	: 	: 	: 	: 	: 	: 	: 	: 	: 	: 	: 	: 	: 	: 	: 
M05_M06,A4210K,THS_HD,BG	: 	: 	: 	: 	: 	: 	: 	: 	: 	: 	: 	: 	: 	423.00 	: 	525.99 	: 	635.30 	616.00 	605.50 	650.60 	: 	: 	: 	: 	: 	: 	: 	: 	: 	: 	: 	: 	: 	: 	: 	: 	: 	: 	: 	: 	: 	: 	: 	: 	: 	: 	: 	: 	: 	: 	: 	: 	: 	: 	: 	: 	: 	: 	: 	: 	: 
M05_M06,A4210K,THS_HD,HU	: 	: 	: 	: 	: 	: 	: 	: 	: 	: 	: 	: 	: 	: 	: 	: 	: 	: 	: 	57.00 	: 	: 	: 	: 	: 	: 	: 	: 	: 	: 	: 	: 	: 	: 	: 	: 	: 	: 	: 	: 	: 	: 	: 	: 	: 	: 	: 	: 	: 	: 	: 	: 	: 	: 	: 	: 	: 	: 	: 	: 	: 	: 
M05_M06,A4210K,THS_HD,IE	: 	: 	: 	: 	: 	: 	: 	: 	: 	: 	: 	0.00 	0.00 	: 	: 	: 	: 	: 	: 	: 	: 	: 	: 	: 	: 	: 	: 	: 	: 	: 	: 	: 	: 	: 	: 	: 	: 	: 	: 	: 	: 	: 	: 	: 	: 	: 	: 	: 	: 	: 	: 	: 	: 	: 	: 	: 	: 	: 	: 	: 	: 	: 
M05_M06,A4210K,THS_HD,LT	: 	: 	: 	: 	: 	: 	: 	: 	: 	: 	: 	: 	: 	: 	: 	: 	: 	: 	23.10 	: 	: 	: 	: 	: 	: 	: 	: 	: 	: 	: 	: 	: 	: 	: 	: 	: 	: 	: 	: 	: 	: 	: 	: 	: 	: 	: 	: 	: 	: 	: 	: 	: 	: 	: 	: 	: 	: 	: 	: 	: 	: 	: 
M05_M06,A4210K,THS_HD,LV	: 	: 	: 	: 	: 	: 	: 	: 	: 	: 	: 	: 	: 	: 	: 	: 	: 	: 	: 	6.70 	: 	: 	: 	: 	: 	: 	: 	: 	: 	: 	: 	: 	: 	: 	: 	: 	: 	: 	: 	: 	: 	: 	: 	: 	: 	: 	: 	: 	: 	: 	: 	: 	: 	: 	: 	: 	: 	: 	: 	: 	: 	: 
M05_M06,A4210K,THS_HD,NL	: 	: 	: 	: 	: 	: 	: 	: 	: 	: 	: 	: 	280.00 	: 	: 	: 	: 	: 	: 	: 	: 	: 	: 	: 	: 	: 	: 	: 	: 	: 	: 	: 	: 	: 	: 	: 	: 	: 	: 	: 	: 	: 	: 	: 	: 	: 	: 	: 	: 	: 	: 	: 	: 	: 	: 	: 	: 	: 	: 	: 	: 	: 
M05_M06,A4210K,THS_HD,PL	: 	: 	: 	: 	: 	: 	: 	: 	: 	: 	: 	: 	: 	: 	93.64 	84.84 	86.96 	105.15 	112.33 	111.32 	100.54 	108.01 	107.94 	: 	: 	: 	: 	: 	: 	: 	: 	: 	: 	: 	: 	: 	: 	: 	: 	: 	: 	: 	: 	: 	: 	: 	: 	: 	: 	: 	: 	: 	: 	: 	: 	: 	: 	: 	: 	: 	: 	: 
M05_M06,A4210K,THS_HD,SE	: 	: 	: 	: 	: 	: 	: 	: 	: 	: 	: 	: 	: 	: 	: 	: 	: 	: 	3.42 	: 	: 	: 	: 	: 	: 	: 	: 	: 	: 	: 	: 	: 	: 	: 	: 	: 	: 	: 	: 	: 	: 	: 	: 	: 	: 	: 	: 	: 	: 	: 	: 	: 	: 	: 	: 	: 	: 	: 	: 	: 	: 	: 
M05_M06,A4210K,THS_HD,SI	: 	: 	: 	: 	: 	: 	: 	: 	: 	: 	: 	: 	: 	: 	: 	: 	: 	: 	: 	: 	: 	16.10 	: 	: 	: 	: 	: 	: 	: 	: 	: 	: 	: 	: 	: 	: 	: 	: 	: 	: 	: 	: 	: 	: 	: 	: 	: 	: 	: 	: 	: 	: 	: 	: 	: 	: 	: 	: 	: 	: 	: 	: 
M05_M06,A4210K,THS_HD,UK	: 	: 	: 	: 	: 	: 	: 	: 	: 	: 	: 	: 	: 	: 	: 	50.66 	: 	45.55 	42.96 	48.64 	39.42 	38.48 	40.13 	: 	: 	: 	: 	: 	: 	: 	: 	: 	: 	: 	: 	: 	: 	: 	: 	: 	: 	: 	: 	: 	: 	: 	: 	: 	: 	: 	: 	: 	: 	: 	: 	: 	: 	: 	: 	: 	: 	: 
M05_M06,A4210KA,THS_HD,BE	: 	: 	: 	: 	: 	: 	: 	: 	: 	: 	: 	0.00 	0.00 	: 	: 	: 	: 	: 	: 	: 	: 	: 	: 	: 	: 	: 	: 	: 	: 	: 	: 	: 	: 	: 	: 	: 	: 	: 	: 	: 	: 	: 	: 	: 	: 	: 	: 	: 	: 	: 	: 	: 	: 	: 	: 	: 	: 	: 	: 	: 	: 	: 
M05_M06,A4210KA,THS_HD,BG	: 	: 	: 	: 	: 	: 	: 	: 	: 	: 	: 	: 	: 	11.34 	: 	18.49 	: 	23.50 	0.00 	13.40 	8.30 	: 	: 	: 	: 	: 	: 	: 	: 	: 	: 	: 	: 	: 	: 	: 	: 	: 	: 	: 	: 	: 	: 	: 	: 	: 	: 	: 	: 	: 	: 	: 	: 	: 	: 	: 	: 	: 	: 	: 	: 	: 
M05_M06,A4210KA,THS_HD,IE	: 	: 	: 	: 	: 	: 	: 	: 	: 	: 	: 	0.00 	0.00 	: 	: 	: 	: 	: 	: 	: 	: 	: 	: 	: 	: 	: 	: 	: 	: 	: 	: 	: 	: 	: 	: 	: 	: 	: 	: 	: 	: 	: 	: 	: 	: 	: 	: 	: 	: 	: 	: 	: 	: 	: 	: 	: 	: 	: 	: 	: 	: 	: 
M05_M06,A4210KA,THS_HD,NL	: 	: 	: 	: 	: 	: 	: 	: 	: 	: 	: 	: 	20.00 	: 	: 	: 	: 	: 	: 	: 	: 	: 	: 	: 	: 	: 	: 	: 	: 	: 	: 	: 	: 	: 	: 	: 	: 	: 	: 	: 	: 	: 	: 	: 	: 	: 	: 	: 	: 	: 	: 	: 	: 	: 	: 	: 	: 	: 	: 	: 	: 	: 
M05_M06,A4210KA,THS_HD,PL	: 	: 	: 	: 	: 	: 	: 	: 	: 	: 	: 	: 	: 	: 	9.14 	5.67 	10.14 	: 	: 	14.35 	: 	: 	: 	: 	: 	: 	: 	: 	: 	: 	: 	: 	: 	: 	: 	: 	: 	: 	: 	: 	: 	: 	: 	: 	: 	: 	: 	: 	: 	: 	: 	: 	: 	: 	: 	: 	: 	: 	: 	: 	: 	: 
M05_M06,A4210KA,THS_HD,SI	: 	: 	: 	: 	: 	: 	: 	: 	: 	: 	: 	: 	: 	: 	: 	: 	: 	: 	: 	: 	: 	3.95 	: 	: 	: 	: 	: 	: 	: 	: 	: 	: 	: 	: 	: 	: 	: 	: 	: 	: 	: 	: 	: 	: 	: 	: 	: 	: 	: 	: 	: 	: 	: 	: 	: 	: 	: 	: 	: 	: 	: 	: 
M05_M06,A4210KB,THS_HD,BE	: 	: 	: 	: 	: 	: 	: 	: 	: 	: 	: 	0.00 	0.00 	: 	: 	: 	: 	: 	: 	: 	: 	: 	: 	: 	: 	: 	: 	: 	: 	: 	: 	: 	: 	: 	: 	: 	: 	: 	: 	: 	: 	: 	: 	: 	: 	: 	: 	: 	: 	: 	: 	: 	: 	: 	: 	: 	: 	: 	: 	: 	: 	: 
M05_M06,A4210KB,THS_HD,BG	: 	: 	: 	: 	: 	: 	: 	: 	: 	: 	: 	: 	: 	411.66 	: 	507.50 	: 	611.80 	616.00 	592.10 	642.30 	: 	: 	: 	: 	: 	: 	: 	: 	: 	: 	: 	: 	: 	: 	: 	: 	: 	: 	: 	: 	: 	: 	: 	: 	: 	: 	: 	: 	: 	: 	: 	: 	: 	: 	: 	: 	: 	: 	: 	: 	: 
M05_M06,A4210KB,THS_HD,IE	: 	: 	: 	: 	: 	: 	: 	: 	: 	: 	: 	0.00 	0.00 	: 	: 	: 	: 	: 	: 	: 	: 	: 	: 	: 	: 	: 	: 	: 	: 	: 	: 	: 	: 	: 	: 	: 	: 	: 	: 	: 	: 	: 	: 	: 	: 	: 	: 	: 	: 	: 	: 	: 	: 	: 	: 	: 	: 	: 	: 	: 	: 	: 
M05_M06,A4210KB,THS_HD,NL	: 	: 	: 	: 	: 	: 	: 	: 	: 	: 	: 	: 	260.00 	: 	: 	: 	: 	: 	: 	: 	: 	: 	: 	: 	: 	: 	: 	: 	: 	: 	: 	: 	: 	: 	: 	: 	: 	: 	: 	: 	: 	: 	: 	: 	: 	: 	: 	: 	: 	: 	: 	: 	: 	: 	: 	: 	: 	: 	: 	: 	: 	: 
M05_M06,A4210KB,THS_HD,PL	: 	: 	: 	: 	: 	: 	: 	: 	: 	: 	: 	: 	: 	: 	84.50 	79.18 	76.83 	: 	: 	96.98 	: 	: 	: 	: 	: 	: 	: 	: 	: 	: 	: 	: 	: 	: 	: 	: 	: 	: 	: 	: 	: 	: 	: 	: 	: 	: 	: 	: 	: 	: 	: 	: 	: 	: 	: 	: 	: 	: 	: 	: 	: 	: 
M05_M06,A4210KB,THS_HD,SI	: 	: 	: 	: 	: 	: 	: 	: 	: 	: 	: 	: 	: 	: 	: 	: 	: 	: 	: 	: 	: 	12.15 	: 	: 	: 	: 	: 	: 	: 	: 	: 	: 	: 	: 	: 	: 	: 	: 	: 	: 	: 	: 	: 	: 	: 	: 	: 	: 	: 	: 	: 	: 	: 	: 	: 	: 	: 	: 	: 	: 	: 	: 
M05_M06,A4220,THS_HD,BE	: 	: 	: 	: 	: 	: 	: 	: 	: 	: 	: 	0.00 	0.00 	: 	: 	: 	: 	: 	: 	: 	: 	: 	: 	: 	: 	: 	: 	: 	: 	: 	: 	: 	: 	: 	: 	: 	: 	: 	: 	: 	: 	: 	: 	: 	: 	: 	: 	: 	: 	: 	: 	: 	: 	: 	: 	: 	: 	: 	: 	: 	: 	: 
M05_M06,A4220,THS_HD,BG	: 	: 	: 	: 	: 	: 	: 	: 	: 	: 	: 	: 	: 	307.31 	: 	354.43 	: 	433.50 	443.90 	404.00 	202.50 	: 	: 	: 	: 	: 	: 	: 	: 	: 	: 	: 	: 	: 	: 	: 	: 	: 	: 	: 	: 	: 	: 	: 	: 	: 	: 	: 	: 	: 	: 	: 	: 	: 	: 	: 	: 	: 	: 	: 	: 	: 
M05_M06,A4220,THS_HD,HU	: 	: 	: 	: 	: 	: 	: 	: 	: 	: 	: 	: 	: 	: 	: 	: 	: 	: 	: 	44.00 	: 	: 	: 	: 	: 	: 	: 	: 	: 	: 	: 	: 	: 	: 	: 	: 	: 	: 	: 	: 	: 	: 	: 	: 	: 	: 	: 	: 	: 	: 	: 	: 	: 	: 	: 	: 	: 	: 	: 	: 	: 	: 
M05_M06,A4220,THS_HD,IE	: 	: 	: 	: 	: 	: 	: 	: 	: 	: 	: 	0.00 	0.00 	: 	: 	: 	: 	: 	: 	: 	: 	: 	: 	: 	: 	: 	: 	: 	: 	: 	: 	: 	: 	: 	: 	: 	: 	: 	: 	: 	: 	: 	: 	: 	: 	: 	: 	: 	: 	: 	: 	: 	: 	: 	: 	: 	: 	: 	: 	: 	: 	: 
M05_M06,A4220,THS_HD,LT	: 	: 	: 	: 	: 	: 	: 	: 	: 	: 	: 	: 	: 	: 	: 	: 	: 	: 	20.20 	: 	: 	: 	: 	: 	: 	: 	: 	: 	: 	: 	: 	: 	: 	: 	: 	: 	: 	: 	: 	: 	: 	: 	: 	: 	: 	: 	: 	: 	: 	: 	: 	: 	: 	: 	: 	: 	: 	: 	: 	: 	: 	: 
M05_M06,A4220,THS_HD,LV	: 	: 	: 	: 	: 	: 	: 	: 	: 	: 	: 	: 	: 	: 	: 	: 	: 	: 	: 	8.10 	: 	: 	: 	: 	: 	: 	: 	: 	: 	: 	: 	: 	: 	: 	: 	: 	: 	: 	: 	: 	: 	: 	: 	: 	: 	: 	: 	: 	: 	: 	: 	: 	: 	: 	: 	: 	: 	: 	: 	: 	: 	: 
M05_M06,A4220,THS_HD,NL	: 	: 	: 	: 	: 	: 	: 	: 	: 	: 	: 	: 	130.00 	: 	: 	: 	: 	: 	: 	: 	: 	: 	: 	: 	: 	: 	: 	: 	: 	: 	: 	: 	: 	: 	: 	: 	: 	: 	: 	: 	: 	: 	: 	: 	: 	: 	: 	: 	: 	: 	: 	: 	: 	: 	: 	: 	: 	: 	: 	: 	: 	: 
M05_M06,A4220,THS_HD,PL	: 	: 	: 	: 	: 	: 	: 	: 	: 	: 	: 	: 	: 	: 	50.29 	45.53 	51.08 	: 	80.14 	82.03 	71.43 	: 	: 	: 	: 	: 	: 	: 	: 	: 	: 	: 	: 	: 	: 	: 	: 	: 	: 	: 	: 	: 	: 	: 	: 	: 	: 	: 	: 	: 	: 	: 	: 	: 	: 	: 	: 	: 	: 	: 	: 	: 
M05_M06,A4220,THS_HD,SE	: 	: 	: 	: 	: 	: 	: 	: 	: 	: 	: 	: 	: 	: 	: 	: 	: 	: 	2.09 	: 	: 	: 	: 	: 	: 	: 	: 	: 	: 	: 	: 	: 	: 	: 	: 	: 	: 	: 	: 	: 	: 	: 	: 	: 	: 	: 	: 	: 	: 	: 	: 	: 	: 	: 	: 	: 	: 	: 	: 	: 	: 	: 
M05_M06,A4220,THS_HD,SI	: 	: 	: 	: 	: 	: 	: 	: 	: 	: 	: 	: 	: 	: 	: 	: 	: 	: 	: 	: 	: 	5.94 	: 	: 	: 	: 	: 	: 	: 	: 	: 	: 	: 	: 	: 	: 	: 	: 	: 	: 	: 	: 	: 	: 	: 	: 	: 	: 	: 	: 	: 	: 	: 	: 	: 	: 	: 	: 	: 	: 	: 	: 
M05_M06,A4220,THS_HD,UK	: 	: 	: 	: 	: 	: 	: 	: 	: 	: 	: 	: 	: 	: 	: 	47.25 	: 	40.42 	45.50 	44.74 	35.36 	37.74 	35.08 	: 	: 	: 	: 	: 	: 	: 	: 	: 	: 	: 	: 	: 	: 	: 	: 	: 	: 	: 	: 	: 	: 	: 	: 	: 	: 	: 	: 	: 	: 	: 	: 	: 	: 	: 	: 	: 	: 	: 
M12,A4200,THS_HD,AL	775.34 	774.33 	862.87 	917.16 	933.12 	940.81 p	932.00 e	904.00 	: 	: 	: 	: 	: 	: 	: 	: 	: 	: 	: 	: 	: 	: 	: 	: 	: 	: 	: 	: 	: 	: 	: 	: 	: 	: 	: 	: 	: 	: 	: 	: 	: 	: 	: 	: 	: 	: 	: 	: 	: 	: 	: 	: 	: 	: 	: 	: 	: 	: 	: 	: 	: 	: 
M12,A4200,THS_HD,AT	100.60 	92.76 	92.50 	91.54 	91.13 	82.74 	76.62 	70.71 	72.07 	73.21 	72.36 	71.77 	68.19 	62.49 	60.49 	53.11 	55.10 	55.52 	54.61 	57.84 	57.99 	56.11 	58.00 	54.24 	58.34 	54.47 	54.23 	49.75 	47.00 	39.00 	41.00 	: 	: 	: 	: 	: 	: 	: 	: 	: 	: 	: 	: 	: 	: 	: 	: 	: 	: 	: 	: 	: 	: 	: 	: 	: 	: 	: 	: 	: 	: 	: 
M12,A4200,THS_HD,BA	: 	71.00 e	72.00 e	73.00 e	73.00 e	75.00 e	73.00 e	74.00 e	69.00 e	65.00 e	65.00 	64.00 	: 	: 	: 	: 	: 	: 	: 	: 	: 	: 	: 	: 	: 	: 	: 	: 	: 	: 	: 	: 	: 	: 	: 	: 	: 	: 	: 	: 	: 	: 	: 	: 	: 	: 	: 	: 	: 	: 	: 	: 	: 	: 	: 	: 	: 	: 	: 	: 	: 	: 
M12,A4200,THS_HD,BE	: 	: 	38.59 e	: 	: 	50.80 	38.59 e	: 	0.00 	35.96 	: 	: 	: 	: 	: 	: 	: 	: 	: 	25.02 	22.30 	16.25 	12.89 	12.02 	10.40 	10.67 	8.27 	8.27 	7.55 	8.98 	9.00 	8.40 	8.40 	8.40 	8.40 	7.00 	7.00 	7.09 	6.00 	7.00 	6.00 	6.00 	6.10 	9.00 	6.00 	6.00 	5.00 	4.00 	4.00 	3.00 	3.00 	3.00 	3.00 	2.00 	3.00 	3.00 	3.00 	3.00 	3.00 	: 	: 	: 
M12,A4200,THS_HD,BG	215.00 	253.40 	228.49 	271.74 	256.97 	237.54 	276.92 	292.64 	289.31 	293.64 	341.36 	356.34 	360.82 	429.83 	495.48 	549.08 	608.43 	718.12 	725.30 	754.50 	675.30 	740.00 	1046.00 	1048.00 	966.00 	849.00 	833.00 	795.00 	676.00 	611.00 	553.00 	498.00 	433.00 	436.00 	428.00 	: 	: 	: 	: 	: 	: 	: 	: 	: 	: 	: 	: 	: 	: 	: 	: 	: 	: 	: 	: 	: 	: 	: 	: 	: 	: 	: 
M12,A4200,THS_HD,CY	: 	261.11 	249.82 	250.41 	257.64 	246.62 	233.89 	232.01 	244.45 	271.18 	289.27 	305.82 	279.28 	321.68 	368.12 	344.93 	329.30 	377.98 	407.92 	443.69 	447.10 	345.20 	346.00 	322.00 	275.00 	240.00 	220.00 	210.00 	198.00 	200.00 	205.00 	205.00 	208.00 	205.00 	220.00 	: 	: 	: 	: 	: 	: 	: 	: 	: 	: 	: 	: 	: 	: 	: 	: 	: 	: 	: 	: 	: 	: 	: 	: 	: 	: 	: 
M12,A4200,THS_HD,CZ	: 	: 	29.21 e	: 	: 	: 	26.55 e	: 	: 	: 	: 	: 	23.78 	16.67 	16.63 	16.22 	18.00 	14.00 	13.00 	13.00 	14.00 	28.00 	32.00 	34.00 	35.00 	38.00 	42.00 	45.00 	45.00 	45.00 	42.00 	41.00 	41.00 	41.00 	41.00 	: 	: 	: 	: 	: 	: 	: 	: 	: 	: 	: 	: 	: 	: 	: 	: 	: 	: 	: 	: 	: 	: 	: 	: 	: 	: 	: 
M12,A4200,THS_HD,DE	164.00 e	161.00 e	141.00 e	146.00 e	140.00 e	138.81 	110.00 e	117.00 e	130.19 	162.00 e	160.00 e	149.94 	190.00 e	190.00 e	180.00 e	180.00 e	170.00 e	170.00 e	160.00 e	160.00 e	160.00 e	140.00 e	135.00 	125.00 	115.00 	105.00 	100.00 	95.00 	92.00 	90.00 	86.00 b	70.00 	58.00 	52.00 	48.00 	45.00 	45.00 	45.00 	44.00 	43.00 	42.00 	40.00 	39.00 	37.00 	36.00 	38.00 	38.00 	38.00 	38.00 	40.00 	43.00 	50.00 	60.00 	75.00 	89.00 	105.00 	122.00 	150.00 	189.00 	235.00 	292.00 	352.00 
M12,A4200,THS_HD,DK	: 	: 	18.80 e	: 	: 	: 	20.77 e	: 	: 	: 	: 	: 	: 	: 	: 	: 	0.00 	0.00 	0.00 	0.00 	0.00 	0.00 	0.00 	0.00 	0.00 	0.00 	0.00 	0.00 	0.00 	0.00 	0.00 	0.00 	0.00 	0.00 	0.00 	0.00 	0.00 	0.00 	0.00 	0.00 	0.00 	0.00 	0.00 	0.00 	0.00 	0.00 	0.00 	0.00 	0.00 	0.00 	0.00 	0.00 	0.00 	0.00 	0.00 	0.00 	0.00 	0.00 	0.00 	0.00 	0.00 	0.00 
M12,A4200,THS_HD,EE	: 	: 	5.20 e	: 	: 	: 	5.00 e	: 	: 	: 	: 	: 	: 	2.20 	4.00 	3.40 	2.80 	3.00 	3.50 	3.90 	3.60 	2.40 	2.70 	2.10 	1.70 	1.60 	1.70 	1.50 	1.10 	1.10 	0.90 	0.90 	0.80 	0.70 	0.70 	: 	: 	: 	: 	: 	: 	: 	: 	: 	: 	: 	: 	: 	: 	: 	: 	: 	: 	: 	: 	: 	: 	: 	: 	: 	: 	: 
M12,A4200,THS_HD,EL	2844.00 	2869.00 	3580.00 	3625.00 	3768.00 	3888.00 	4017.00 	4254.00 	4387.00 	4293.00 	4296.00 	4462.00 	4738.00 	4983.00 	4931.00 	4928.65 	4925.61 	5185.00 	5117.00 	5468.00 	5450.00 	5180.00 	5317.00 	5376.00 	5878.00 	5668.00 	5847.00 	5555.50 	5821.00 	5850.00 	5832.00 	5918.00 	5904.45 	5970.00 	5876.24 	6600.00 	5695.89 	5490.00 	5356.05 	4636.90 	4525.64 	4754.94 	4531.98 	4512.36 	4508.32 	4565.55 	4607.72 	4476.06 	4471.70 	4261.00 	4185.00 	4130.00 	4054.00 	4005.00 	4042.00 	3945.00 	3895.00 	3990.00 	4153.00 	: 	: 	: 
M12,A4200,THS_HD,ES	2589.76 p	2651.04 p	2659.11 	2764.79 p	3061.43 	3088.04 	2801.06 	2704.25 	2609.99 	2637.34 	2693.07 	2903.78 	2697.18 	2959.33 	2891.57 	2956.73 	2834.90 	2833.00 	3162.06 	3046.72 	3114.04 	2828.96 	2627.00 	2780.00 	2795.00 	2734.00 	2964.00 	2964.00 	2739.00 	2664.00 	2799.00 	3525.88 	3657.49 	3538.45 	2785.22 	2759.89 	2422.00 	2370.90 	2424.00 	2450.00 	2112.00 	: 	: 	: 	: 	: 	: 	: 	: 	: 	: 	: 	: 	: 	: 	: 	: 	: 	: 	: 	: 	: 
M12,A4200,THS_HD,EU15	: 	: 	9841.26 ep	: 	: 	: 	10229.31 e	: 	: 	: 	: 	: 	: 	: 	: 	: 	: 	: 	: 	: 	11881.68 e	11150.61 e	11519.56 	11693.99 	12205.53 	11955.35 	12382.24 	12082.26 	12038.78 	12016.28 	: 	: 	: 	: 	: 	: 	: 	: 	: 	: 	: 	: 	: 	: 	: 	: 	: 	: 	: 	: 	: 	: 	: 	: 	: 	: 	: 	: 	: 	: 	: 	: 
M12,A4200,THS_HD,EU25	: 	: 	10330.73 ep	: 	: 	: 	10717.03 e	: 	: 	: 	: 	: 	: 	: 	: 	: 	: 	: 	: 	: 	: 	: 	: 	: 	: 	: 	: 	: 	: 	: 	: 	: 	: 	: 	: 	: 	: 	: 	: 	: 	: 	: 	: 	: 	: 	: 	: 	: 	: 	: 	: 	: 	: 	: 	: 	: 	: 	: 	: 	: 	: 	: 
M12,A4200,THS_HD,EU27_2007	: 	: 	12154.02 	: 	: 	: 	12434.15 e	: 	: 	: 	: 	: 	: 	: 	: 	: 	: 	: 	: 	: 	: 	: 	: 	: 	: 	: 	: 	: 	: 	: 	: 	: 	: 	: 	: 	: 	: 	: 	: 	: 	: 	: 	: 	: 	: 	: 	: 	: 	: 	: 	: 	: 	: 	: 	: 	: 	: 	: 	: 	: 	: 	: 
M12,A4200,THS_HD,EU27_2020	: 	: 	12125.02 	: 	12605.00 e	12686.00 e	12395.15 e	12528.00 e	12540.00 e	12455.00 e	12694.00 e	13187.00 e	12805.00 e	13341.00 e	13241.00 e	13241.00 e	13123.00 e	13512.00 e	13736.00 e	14027.00 e	13922.00 e	: 	: 	: 	: 	: 	: 	: 	: 	: 	: 	: 	: 	: 	: 	: 	: 	: 	: 	: 	: 	: 	: 	: 	: 	: 	: 	: 	: 	: 	: 	: 	: 	: 	: 	: 	: 	: 	: 	: 	: 	: 
M12,A4200,THS_HD,EU28	: 	: 	12236.02 	: 	: 	: 	12496.15 e	: 	: 	: 	: 	: 	: 	: 	: 	: 	: 	: 	: 	: 	: 	: 	: 	: 	: 	: 	: 	: 	: 	: 	: 	: 	: 	: 	: 	: 	: 	: 	: 	: 	: 	: 	: 	: 	: 	: 	: 	: 	: 	: 	: 	: 	: 	: 	: 	: 	: 	: 	: 	: 	: 	: 
M12,A4200,THS_HD,FI	: 	: 	5.93 e	: 	: 	: 	4.80 e	: 	: 	: 	: 	: 	: 	5.65 	5.40 	6.14 	6.25 	4.70 	4.80 	5.10 	6.50 	6.70 	6.40 	6.60 	6.50 	6.00 	5.50 	4.50 	4.60 	4.30 	: 	: 	: 	: 	: 	: 	: 	: 	: 	: 	: 	: 	: 	: 	: 	: 	: 	: 	: 	: 	: 	: 	: 	: 	: 	: 	: 	: 	: 	: 	: 	: 
M12,A4200,THS_HD,FR	1387.77 p	1413.98 b	1242.00 	1252.00 	1213.00 d	1204.00 d	1230.00 	1271.00 	1283.00 	1306.00 	1381.00 	1448.00 	1318.00 	1267.20 	1255.00 	1254.45 	1252.00 	1242.00 	1240.00 	1229.00 	1235.00 	1156.00 	1075.00 	1087.00 	1110.00 	1114.00 	1083.00 	1068.00 	1056.00 	1071.00 	1121.00 	1162.00 	1226.00 	1210.00 	1003.00 	980.00 	1005.00 	962.00 	1042.30 	1208.00 	1257.00 	1241.00 	1125.00 	1080.00 	1048.00 	1021.00 	991.00 	959.00 	923.00 	899.00 	885.00 	882.00 	925.00 	919.00 	924.00 	1017.00 	1014.00 	1041.00 	1069.00 	1124.00 	1176.00 	1172.00 
M12,A4200,THS_HD,HR	86.00 	86.00 	82.00 	80.00 	77.00 	75.00 	62.00 	61.00 	69.00 	72.00 	70.00 	75.20 	66.50 	70.00 	: 	102.88 	134.48 	126.06 	86.09 	96.53 	92.94 	79.39 	: 	: 	: 	: 	: 	: 	: 	: 	: 	: 	: 	: 	: 	: 	: 	: 	: 	: 	: 	: 	: 	: 	: 	: 	: 	: 	: 	: 	: 	: 	: 	: 	: 	: 	: 	: 	: 	: 	: 	: 
M12,A4200,THS_HD,HU	45.60 	47.00 	63.00 	65.00 	80.00 	81.00 	72.00 	70.00 	73.00 	89.00 	79.00 	75.00 	58.00 	66.00 	67.00 	70.00 	79.00 	74.00 	82.00 	86.00 	90.00 	87.00 	: 	: 	: 	: 	: 	62.00 	: 	: 	34.00 	: 	: 	: 	: 	: 	: 	: 	: 	: 	: 	: 	: 	: 	: 	: 	: 	: 	: 	: 	: 	: 	: 	: 	: 	: 	: 	: 	: 	: 	: 	: 
M12,A4200,THS_HD,IE	: 	: 	8.77 e	: 	: 	: 	9.86 e	0.00 	0.00 	: 	: 	: 	: 	7.80 	7.30 	7.70 	7.70 	9.28 	9.00 	8.06 	9.30 	9.87 	13.50 	15.10 	0.00 	0.00 	0.00 	0.00 	0.00 	0.00 	0.00 	0.00 	0.00 	0.00 	0.00 	0.00 	0.00 	0.00 	0.00 	0.00 	0.00 	0.00 	0.00 	0.00 	0.00 	0.00 	0.00 	0.00 	0.00 	0.00 	0.00 	0.00 	0.00 	0.00 	0.00 	0.00 	0.00 	0.00 	0.00 	0.00 	0.00 	0.00 
M12,A4200,THS_HD,IS	1.70 	1.60 	1.60 	1.50 	1.30 	1.10 	: 	: 	0.90 	0.90 	0.80 	: 	: 	: 	: 	: 	: 	: 	: 	: 	: 	: 	: 	: 	: 	: 	: 	: 	: 	: 	: 	: 	: 	: 	: 	: 	: 	: 	: 	: 	: 	: 	: 	: 	: 	: 	: 	: 	: 	: 	: 	: 	: 	: 	: 	: 	: 	: 	: 	: 	: 	: 
M12,A4200,THS_HD,IT	1060.75 	1065.71 	1058.72 	986.26 	992.08 	1026.26 	961.68 	937.03 	975.86 	891.64 	959.92 	982.92 	960.96 	957.25 	920.00 	955.31 	945.00 	978.00 	961.03 	988.00 	1024.77 	923.00 	1397.00 	1331.00 	1347.00 	1390.00 	1448.00 	1448.00 	1378.00 	1344.00 	1314.00 	1297.50 	1246.00 	1214.30 	1206.00 	1201.00 	1168.80 	1189.40 	1223.00 	1105.00 	1029.00 	1009.00 	978.00 	979.80 	960.00 	948.00 	940.00 	958.00 	948.00 	950.00 	976.00 	1019.00 	1031.00 	1045.00 	1124.00 	1140.00 	1139.00 	1228.00 	1236.00 	: 	: 	: 
M12,A4200,THS_HD,LT	14.70 	14.70 	15.10 	14.30 	14.30 	13.40 	13.50 	13.00 	13.80 	13.60 	15.00 	16.00 	14.70 	16.60 	19.70 	20.80 	22.00 	26.90 	27.20 	22.00 	23.70 	23.00 	24.70 	23.70 	18.50 	16.90 	14.60 	12.40 	10.40 	8.80 	6.30 	5.20 	3.90 	3.60 	3.80 	: 	: 	: 	: 	: 	: 	: 	: 	: 	: 	: 	: 	: 	: 	: 	: 	: 	: 	: 	: 	: 	: 	: 	: 	: 	: 	: 
M12,A4200,THS_HD,LU	: 	: 	5.35 e	: 	: 	: 	5.13 e	: 	: 	: 	: 	4.20 	3.33 	2.89 	3.28 	2.40 	2.73 	2.52 	2.40 	1.82 	0.69 	0.68 	0.58 	0.70 	0.79 	0.66 	0.64 	0.64 	0.64 	1.00 	1.00 	0.87 	0.93 	0.93 	0.67 	0.55 	0.70 	1.00 	0.00 	0.00 	0.00 	0.00 	0.00 	0.00 	0.00 	0.00 	0.00 	0.00 	0.00 	0.00 	0.00 	0.00 	0.00 	0.00 	0.00 	0.00 	0.00 	0.00 	0.00 	0.00 	0.00 	0.00 
M12,A4200,THS_HD,LV	11.40 	11.48 	11.69 	12.24 	12.76 	13.16 	12.68 	12.29 	12.62 	13.33 	13.43 	13.49 	13.25 	12.92 	12.98 	14.26 	14.90 	14.70 	15.00 	13.20 	11.50 	10.40 	8.10 	10.50 	8.90 	8.40 	8.90 	7.40 	6.30 	6.40 	6.10 	5.40 	4.80 	4.80 	4.80 	: 	: 	: 	: 	: 	: 	: 	: 	: 	: 	: 	: 	: 	: 	: 	: 	: 	: 	: 	: 	: 	: 	: 	: 	: 	: 	: 
M12,A4200,THS_HD,ME	: 	: 	28.70 p	29.00 p	29.00 p	31.00 p	30.00 	33.00 	30.00 	23.00 	: 	: 	: 	: 	: 	: 	: 	: 	: 	: 	: 	: 	: 	: 	: 	: 	: 	: 	: 	: 	: 	: 	: 	: 	: 	: 	: 	: 	: 	: 	: 	: 	: 	: 	: 	: 	: 	: 	: 	: 	: 	: 	: 	: 	: 	: 	: 	: 	: 	: 	: 	: 
M12,A4200,THS_HD,MK	76.00 	95.00 	87.00 	117.00 	107.00 	102.00 	88.00 	81.00 	75.00 	64.00 	: 	: 	: 	: 	: 	: 	: 	: 	: 	: 	: 	: 	: 	: 	: 	: 	: 	: 	: 	: 	: 	: 	: 	: 	: 	: 	: 	: 	: 	: 	: 	: 	: 	: 	: 	: 	: 	: 	: 	: 	: 	: 	: 	: 	: 	: 	: 	: 	: 	: 	: 	: 
M12,A4200,THS_HD,MT	5.64 	5.53 	5.59 	5.73 	5.16 	4.97 	4.94 	4.63 	4.60 	4.85 	4.94 	5.11 	5.98 	5.40 	6.23 	5.74 	6.27 	5.64 	5.37 	5.16 	2.61 	: 	: 	: 	: 	: 	: 	: 	: 	: 	: 	: 	: 	: 	: 	: 	: 	: 	: 	: 	: 	: 	: 	: 	: 	: 	: 	: 	: 	: 	: 	: 	: 	: 	: 	: 	: 	: 	: 	: 	: 	: 
M12,A4200,THS_HD,NL	575.00 	557.00 	551.00 	518.00 	546.00 	504.00 	468.00 	441.00 	409.00 	403.00 	392.00 	377.00 	415.00 	390.00 	355.00 	340.00 	310.00 	300.00 	290.00 	268.00 	232.00 	190.00 	165.00 	145.00 	130.00 	110.00 	73.00 	73.00 	66.00 	73.00 	77.00 	77.00 	72.00 	63.00 	55.00 	43.00 	38.00 	33.00 	32.00 	30.00 	30.00 	30.00 	12.00 	12.00 	13.00 	13.00 	13.00 	13.00 	13.00 	13.00 	13.00 	13.00 	13.00 	14.00 	14.00 	14.00 	15.00 	15.00 	15.00 	15.00 	15.00 	15.00 
M12,A4200,THS_HD,PL	: 	: 	49.90 e	: 	: 	: 	55.90 e	: 	: 	89.94 	111.82 	122.12 	118.84 	136.11 	143.93 	130.37 	: 	: 	: 	: 	: 	176.50 	181.10 	185.50 	: 	179.30 	: 	: 	: 	: 	: 	: 	: 	: 	: 	: 	: 	: 	: 	: 	: 	: 	: 	: 	: 	: 	: 	: 	: 	: 	: 	: 	: 	: 	: 	: 	: 	: 	: 	: 	: 	: 
M12,A4200,THS_HD,PT	350.47 p	368.42 	316.48 	332.59 	339.65 	347.15 	372.80 	382.05 	398.39 	403.99 	412.74 	419.19 	424.98 	432.80 	438.64 	467.51 	474.94 	470.35 	444.06 	469.75 	489.31 	561.83 	629.73 	676.00 	673.00 	677.00 	704.00 	721.00 	725.00 	762.00 	772.00 	797.16 	857.00 	840.00 	808.00 	800.00 	: 	: 	: 	: 	: 	: 	: 	: 	: 	: 	: 	: 	: 	: 	: 	: 	: 	: 	: 	: 	: 	: 	: 	: 	: 	: 
M12,A4200,THS_HD,RO	1486.00 	1611.80 	1594.80 	1539.30 	1503.30 	1483.10 	1440.20 	1417.20 	1313.00 	1265.70 	1236.10 	1240.80 	917.30 	898.30 	865.10 	727.41 	686.80 	660.70 	678.00 	633.00 	525.00 	538.00 	558.00 	585.00 	610.00 	654.00 	705.00 	745.00 	776.00 	805.00 	954.00 	1005.00 	1017.00 	1078.00 	990.00 	: 	: 	: 	: 	: 	: 	: 	: 	: 	: 	: 	: 	: 	: 	: 	: 	: 	: 	: 	: 	: 	: 	: 	: 	: 	: 	: 
M12,A4200,THS_HD,RS	195.00 	202.00 	191.00 	196.00 	183.00 	200.00 	203.00 	219.00 	225.00 	232.00 	239.00 	237.00 	: 	: 	: 	: 	: 	: 	: 	: 	: 	: 	: 	: 	: 	: 	: 	: 	: 	: 	: 	: 	: 	: 	: 	: 	: 	: 	: 	: 	: 	: 	: 	: 	: 	: 	: 	: 	: 	: 	: 	: 	: 	: 	: 	: 	: 	: 	: 	: 	: 	: 
M12,A4200,THS_HD,SE	: 	: 	12.00 e	: 	: 	: 	12.00 e	0.00 	0.00 	0.00 	0.00 	0.00 	0.00 	0.00 	: 	: 	5.60 	5.60 	5.60 	5.00 e	5.00 	5.00 	5.30 	5.00 	5.00 	5.00 	5.00 	5.00 	5.00 	5.00 	5.00 	: 	: 	: 	: 	: 	: 	: 	: 	: 	: 	: 	: 	: 	: 	: 	: 	: 	: 	: 	: 	: 	: 	: 	: 	: 	: 	: 	: 	: 	: 	: 
M12,A4200,THS_HD,SI	: 	: 	24.36 e	: 	: 	: 	26.96 e	: 	: 	: 	: 	: 	29.84 	24.23 	28.23 	27.80 	25.48 	23.03 	23.29 	21.98 	19.90 	22.04 	14.64 	17.00 	: 	9.00 	11.00 	10.00 	9.00 	12.00 	: 	: 	: 	: 	: 	: 	: 	: 	: 	: 	: 	: 	: 	: 	: 	: 	: 	: 	: 	: 	: 	: 	: 	: 	: 	: 	: 	: 	: 	: 	: 	: 
M12,A4200,THS_HD,SK	: 	: 	35.59 	36.91 	37.07 	36.36 	36.30 e	35.18 	35.46 	34.82 	34.05 	35.29 	35.69 	37.09 	37.87 	38.35 	39.57 	39.01 	39.23 	40.19 	40.39 	51.42 	51.08 	51.00 	27.00 	26.00 	25.00 	25.00 	25.00 	20.00 	17.00 	10.00 	9.00 	10.00 	9.00 	: 	: 	: 	: 	: 	: 	: 	: 	: 	: 	: 	: 	: 	: 	: 	: 	: 	: 	: 	: 	: 	: 	: 	: 	: 	: 	: 
M12,A4200,THS_HD,TR	12341.51 	11985.85 	11205.43 	10922.43 	10634.67 	10345.30 p	10416.17 	10347.16 	9225.55 	8357.29 	: 	: 	: 	: 	: 	: 	: 	: 	: 	: 	: 	: 	: 	: 	: 	: 	: 	: 	: 	: 	: 	: 	: 	: 	: 	: 	: 	: 	: 	: 	: 	: 	: 	: 	: 	: 	: 	: 	: 	: 	: 	: 	: 	: 	: 	: 	: 	: 	: 	: 	: 	: 
M12,A4200,THS_HD,UK	: 	: 	111.00 p	108.00 	105.00 	104.00 	101.00 	100.00 	0.00 	0.00 	0.00 	0.00 	0.00 	0.00 	: 	: 	95.95 	91.55 	: 	: 	74.78 	76.22 	77.16 	80.33 	76.50 	80.55 	89.60 	89.60 	96.99 	104.00 	105.00 	113.00 	114.00 	101.00 	68.00 	48.00 	48.00 	49.00 	48.00 	48.00 	48.00 	13.00 	13.00 	13.00 	13.00 	13.00 	13.00 	13.00 	13.00 	72.00 	12.00 	12.00 	12.00 	12.00 	12.00 	12.00 	12.00 	13.00 	13.00 	13.00 	13.00 	13.00 
M12,A4200,THS_HD,XK	: 	29.56 	27.20 	28.70 	28.41 	27.78 	30.39 	: 	: 	: 	: 	: 	: 	: 	: 	: 	: 	: 	: 	: 	: 	: 	: 	: 	: 	: 	: 	: 	: 	: 	: 	: 	: 	: 	: 	: 	: 	: 	: 	: 	: 	: 	: 	: 	: 	: 	: 	: 	: 	: 	: 	: 	: 	: 	: 	: 	: 	: 	: 	: 	: 	: 
M12,A4210K,THS_HD,AL	714.06 	713.13 	794.67 	844.66 	866.68 	716.16 p	700.00 e	595.00 	: 	: 	: 	: 	: 	: 	: 	: 	: 	: 	: 	: 	: 	: 	: 	: 	: 	: 	: 	: 	: 	: 	: 	: 	: 	: 	: 	: 	: 	: 	: 	: 	: 	: 	: 	: 	: 	: 	: 	: 	: 	: 	: 	: 	: 	: 	: 	: 	: 	: 	: 	: 	: 	: 
M12,A4210K,THS_HD,AT	63.75 	59.73 	60.13 	60.33 	59.55 	53.23 	50.23 	46.22 	47.78 	47.81 	48.28 	47.10 	43.61 	41.21 	39.48 	35.66 	35.48 	37.53 	36.74 	40.36 	40.37 	38.01 	40.37 	36.93 	38.57 	: 	: 	: 	: 	: 	: 	: 	: 	: 	: 	: 	: 	: 	: 	: 	: 	: 	: 	: 	: 	: 	: 	: 	: 	: 	: 	: 	: 	: 	: 	: 	: 	: 	: 	: 	: 	: 
M12,A4210K,THS_HD,BA	: 	44.00 e	44.00 e	45.00 e	45.00 e	46.00 e	45.00 e	45.00 e	43.00 e	41.00 e	41.00 e	42.00 e	: 	: 	: 	: 	: 	: 	: 	: 	: 	: 	: 	: 	: 	: 	: 	: 	: 	: 	: 	: 	: 	: 	: 	: 	: 	: 	: 	: 	: 	: 	: 	: 	: 	: 	: 	: 	: 	: 	: 	: 	: 	: 	: 	: 	: 	: 	: 	: 	: 	: 
M12,A4210K,THS_HD,BE	: 	: 	: 	: 	: 	48.55 	: 	: 	0.00 	: 	: 	: 	: 	: 	: 	: 	: 	: 	: 	: 	: 	14.66 	: 	: 	: 	: 	: 	: 	: 	: 	: 	0.00 	0.00 	0.00 	0.00 	0.00 	0.00 	0.00 	0.00 	0.00 	0.00 	: 	: 	: 	: 	: 	: 	: 	: 	: 	: 	: 	: 	: 	: 	: 	: 	: 	: 	: 	: 	: 
M12,A4210K,THS_HD,BG	189.34 	216.27 	204.09 	239.88 	232.77 	210.46 	230.16 	243.48 	265.13 	252.11 	295.49 	292.50 	322.00 	374.90 	431.88 	479.91 	540.90 	608.88 	630.10 	657.50 	588.20 	620.90 	: 	: 	: 	: 	: 	712.00 	: 	: 	: 	: 	: 	: 	388.00 	: 	: 	: 	: 	: 	: 	: 	: 	: 	: 	: 	: 	: 	: 	: 	: 	: 	: 	: 	: 	: 	: 	: 	: 	: 	: 	: 
M12,A4210K,THS_HD,CY	: 	177.59 	160.91 	166.07 	165.69 	154.59 	147.29 	152.00 	169.07 	187.60 	206.08 	208.57 	212.14 	213.27 	230.38 	243.72 	256.49 	280.08 	274.29 	275.48 	298.30 	240.60 	241.00 	237.00 	: 	: 	: 	: 	: 	: 	: 	: 	: 	: 	: 	: 	: 	: 	: 	: 	: 	: 	: 	: 	: 	: 	: 	: 	: 	: 	: 	: 	: 	: 	: 	: 	: 	: 	: 	: 	: 	: 
M12,A4210K,THS_HD,CZ	: 	: 	: 	: 	: 	: 	: 	: 	: 	: 	: 	: 	15.68 	: 	11.92 	9.29 	12.00 	9.40 	9.00 	8.00 	12.00 	25.00 	28.00 	29.00 	30.00 	32.00 	35.00 	30.00 	31.00 	30.00 	30.00 	29.00 	28.00 	29.00 	29.00 	: 	: 	: 	: 	: 	: 	: 	: 	: 	: 	: 	: 	: 	: 	: 	: 	: 	: 	: 	: 	: 	: 	: 	: 	: 	: 	: 
M12,A4210K,THS_HD,DE	: 	: 	: 	: 	: 	: 	: 	: 	: 	: 	: 	: 	: 	: 	: 	: 	: 	: 	: 	: 	: 	: 	: 	: 	: 	: 	: 	: 	: 	: 	: 	0.00 	0.00 	0.00 	0.00 	0.00 	0.00 	0.00 	0.00 	0.00 	0.00 	: 	: 	: 	: 	: 	: 	: 	: 	: 	: 	: 	: 	: 	: 	: 	: 	: 	: 	: 	: 	: 
M12,A4210K,THS_HD,DK	: 	: 	: 	: 	: 	: 	: 	: 	: 	: 	: 	: 	: 	: 	: 	: 	: 	: 	: 	: 	: 	: 	: 	: 	: 	: 	: 	: 	: 	: 	: 	0.00 	0.00 	0.00 	0.00 	0.00 	0.00 	0.00 	0.00 	0.00 	0.00 	: 	: 	: 	: 	: 	: 	: 	: 	: 	: 	: 	: 	: 	: 	: 	: 	: 	: 	: 	: 	: 
M12,A4210K,THS_HD,EE	: 	: 	: 	: 	: 	: 	: 	: 	: 	: 	: 	: 	: 	1.40 	2.50 	2.10 	1.90 	1.70 	2.00 	2.40 	2.70 	: 	2.20 	: 	: 	: 	: 	: 	: 	: 	: 	: 	: 	: 	: 	: 	: 	: 	: 	: 	: 	: 	: 	: 	: 	: 	: 	: 	: 	: 	: 	: 	: 	: 	: 	: 	: 	: 	: 	: 	: 	: 
M12,A4210K,THS_HD,EL	2067.00 	2182.00 	2588.00 	2863.00 	2883.00 	2902.00 	2880.00 	3051.00 	3093.00 	2888.00 	3100.00 	3152.00 	3574.00 	3844.00 	3712.00 	3671.87 	3737.97 	3696.00 	3646.00 	3875.00 	4000.00 	3807.00 	4017.00 	3710.00 	3987.00 	3938.00 	4000.00 	3830.50 	4015.00 	4067.00 	4067.00 	4106.00 	4076.00 	4105.00 	4017.00 	4420.00 	3845.84 	3687.34 	3612.17 	3800.00 	3713.00 	: 	: 	: 	: 	: 	: 	: 	: 	: 	: 	: 	: 	: 	: 	: 	: 	: 	: 	: 	: 	: 
M12,A4210K,THS_HD,ES	1859.22 p	1890.49 p	1896.89 	1986.41 p	2245.13 	2215.72 	1937.57 	1939.73 	1935.78 	1960.70 	2091.22 	2227.82 	2481.64 	2264.87 	2150.49 	2169.77 	2139.55 	2185.00 	2407.07 	2334.07 	2341.50 	2233.58 	2034.00 	2059.00 	2034.00 	2042.00 	2170.00 	2170.00 	2064.00 	2005.00 	2109.00 	2671.59 	2750.50 	2458.99 	2020.35 	1691.01 	1697.97 	1655.94 	1696.00 	1675.00 	1439.00 	: 	: 	: 	: 	: 	: 	: 	: 	: 	: 	: 	: 	: 	: 	: 	: 	: 	: 	: 	: 	: 
M12,A4210K,THS_HD,FI	: 	: 	: 	: 	: 	: 	: 	: 	: 	: 	: 	: 	: 	4.64 	4.47 	4.75 	4.83 	4.20 	3.50 	3.80 	4.80 	5.10 	4.70 	4.90 	4.90 	4.80 	4.30 	: 	: 	: 	: 	: 	: 	: 	: 	: 	: 	: 	: 	: 	: 	: 	: 	: 	: 	: 	: 	: 	: 	: 	: 	: 	: 	: 	: 	: 	: 	: 	: 	: 	: 	: 
M12,A4210K,THS_HD,FR	1174.94 p	1178.41 b	1058.00 	1058.00 	1039.00 d	1021.00 d	1049.00 	1078.00 	1092.00 	1116.00 	1170.00 	1225.00 	1131.00 	1072.81 	1074.32 	1068.88 	1069.00 	1060.00 	1056.00 	1046.00 	1039.00 	999.00 	922.00 	938.00 	961.00 	940.00 	943.00 	900.00 	888.00 	905.00 	939.00 	1035.00 	1046.00 	1020.00 	858.00 	842.00 	865.00 	862.70 	886.20 	959.00 	995.00 	: 	: 	: 	: 	: 	: 	: 	: 	: 	: 	: 	: 	: 	: 	: 	: 	: 	: 	: 	: 	: 
M12,A4210K,THS_HD,HR	66.00 	66.00 	63.00 	63.00 	58.00 	54.00 	44.00 	48.00 	54.00 	56.00 	55.00 	58.00 	63.50 	65.10 	: 	76.53 	82.35 	91.45 	65.65 	73.52 	74.07 	64.42 	: 	: 	: 	: 	: 	: 	: 	: 	: 	: 	: 	: 	: 	: 	: 	: 	: 	: 	: 	: 	: 	: 	: 	: 	: 	: 	: 	: 	: 	: 	: 	: 	: 	: 	: 	: 	: 	: 	: 	: 
M12,A4210K,THS_HD,HU	32.60 	29.00 	33.00 	35.00 	41.00 	41.00 	37.00 	36.00 	40.00 	50.00 	47.00 	47.00 	37.00 	38.00 	41.00 	45.00 	47.00 	48.00 	50.00 	55.00 	55.00 	53.00 	: 	: 	: 	: 	: 	: 	: 	: 	: 	: 	: 	: 	: 	: 	: 	: 	: 	: 	: 	: 	: 	: 	: 	: 	: 	: 	: 	: 	: 	: 	: 	: 	: 	: 	: 	: 	: 	: 	: 	: 
M12,A4210K,THS_HD,IE	: 	: 	: 	: 	: 	: 	: 	0.00 	0.00 	: 	: 	: 	: 	: 	: 	: 	: 	: 	: 	: 	: 	: 	: 	: 	: 	: 	: 	: 	: 	: 	: 	0.00 	0.00 	0.00 	0.00 	0.00 	0.00 	0.00 	0.00 	0.00 	0.00 	: 	: 	: 	: 	: 	: 	: 	: 	: 	: 	: 	: 	: 	: 	: 	: 	: 	: 	: 	: 	: 
M12,A4210K,THS_HD,IS	1.30 	1.20 	1.20 	1.20 	1.10 	1.00 	: 	: 	0.70 	0.70 	0.70 	: 	: 	: 	: 	: 	: 	: 	: 	: 	: 	: 	: 	: 	: 	: 	: 	: 	: 	: 	: 	: 	: 	: 	: 	: 	: 	: 	: 	: 	: 	: 	: 	: 	: 	: 	: 	: 	: 	: 	: 	: 	: 	: 	: 	: 	: 	: 	: 	: 	: 	: 
M12,A4210K,THS_HD,IT	824.25 	826.39 	827.42 	756.45 	763.73 	794.58 	750.22 	739.48 	796.72 	734.95 	797.60 	823.63 	803.79 	801.94 	786.00 	808.12 	757.00 	807.52 	797.65 	821.00 	858.85 	759.00 	1146.00 	1125.00 	1144.00 	1150.00 	1071.00 	1071.00 	1037.00 	1010.00 	984.00 	1028.00 	997.90 	988.00 	961.30 	961.90 	979.10 	964.90 	939.00 	932.00 	920.00 	: 	: 	: 	: 	: 	: 	: 	: 	: 	: 	: 	: 	: 	: 	: 	: 	: 	: 	: 	: 	: 
M12,A4210K,THS_HD,LT	8.70 	8.90 	9.20 	8.70 	9.10 	8.60 	9.00 	8.00 	0.00 	9.00 	9.30 	9.10 	9.10 	37.10 	12.30 	13.30 	17.20 	17.90 	18.70 	15.10 	16.30 	16.20 	17.20 	17.90 	13.40 	11.00 	9.90 	8.60 	6.80 	5.70 	3.90 	3.40 	2.90 	2.80 	2.80 	: 	: 	: 	: 	: 	: 	: 	: 	: 	: 	: 	: 	: 	: 	: 	: 	: 	: 	: 	: 	: 	: 	: 	: 	: 	: 	: 
M12,A4210K,THS_HD,LU	: 	: 	: 	: 	: 	: 	: 	: 	: 	: 	: 	: 	: 	: 	: 	: 	: 	: 	: 	: 	: 	: 	: 	: 	: 	: 	: 	: 	: 	: 	: 	0.00 	0.00 	0.00 	0.00 	0.00 	0.00 	0.00 	0.00 	0.00 	0.00 	: 	: 	: 	: 	: 	: 	: 	: 	: 	: 	: 	: 	: 	: 	: 	: 	: 	: 	: 	: 	: 
M12,A4210K,THS_HD,LV	7.93 	7.92 	8.21 	8.64 	9.05 	8.99 	8.77 	9.12 	9.36 	9.91 	9.95 	10.20 	10.08 	9.64 	8.64 	9.05 	9.90 	7.80 	8.40 	6.20 	5.80 	5.30 	4.40 	6.60 	4.90 	: 	: 	: 	: 	: 	: 	: 	: 	: 	: 	: 	: 	: 	: 	: 	: 	: 	: 	: 	: 	: 	: 	: 	: 	: 	: 	: 	: 	: 	: 	: 	: 	: 	: 	: 	: 	: 
M12,A4210K,THS_HD,ME	: 	: 	20.90 p	21.40 p	21.00 p	23.00 p	24.00 	25.00 	24.00 	18.00 	: 	: 	: 	: 	: 	: 	: 	: 	: 	: 	: 	: 	: 	: 	: 	: 	: 	: 	: 	: 	: 	: 	: 	: 	: 	: 	: 	: 	: 	: 	: 	: 	: 	: 	: 	: 	: 	: 	: 	: 	: 	: 	: 	: 	: 	: 	: 	: 	: 	: 	: 	: 
M12,A4210K,THS_HD,MK	71.00 	89.00 	81.00 	110.00 	101.00 	96.00 	83.00 	77.00 	71.00 	53.00 	: 	: 	: 	: 	: 	: 	: 	: 	: 	: 	: 	: 	: 	: 	: 	: 	: 	: 	: 	: 	: 	: 	: 	: 	: 	: 	: 	: 	: 	: 	: 	: 	: 	: 	: 	: 	: 	: 	: 	: 	: 	: 	: 	: 	: 	: 	: 	: 	: 	: 	: 	: 
M12,A4210K,THS_HD,MT	4.60 	4.61 	4.67 	4.61 	4.28 	4.20 	4.12 	3.80 	3.97 	4.00 	4.10 	4.45 	5.70 	5.40 	5.33 	4.24 	4.73 	4.30 	4.11 	: 	: 	: 	: 	: 	: 	: 	: 	: 	: 	: 	: 	: 	: 	: 	: 	: 	: 	: 	: 	: 	: 	: 	: 	: 	: 	: 	: 	: 	: 	: 	: 	: 	: 	: 	: 	: 	: 	: 	: 	: 	: 	: 
M12,A4210K,THS_HD,NL	532.00 	513.00 	509.00 	483.00 	386.00 	350.00 	289.00 	272.00 	269.00 	270.00 	251.00 	262.00 	277.00 	: 	: 	: 	: 	: 	: 	: 	: 	: 	: 	: 	: 	: 	: 	: 	: 	: 	: 	0.00 	0.00 	0.00 	0.00 	0.00 	0.00 	0.00 	0.00 	0.00 	0.00 	: 	: 	: 	: 	: 	: 	: 	: 	: 	: 	: 	: 	: 	: 	: 	: 	: 	: 	: 	: 	: 
M12,A4210K,THS_HD,PL	: 	: 	: 	: 	: 	: 	: 	: 	: 	62.62 	80.96 	80.07 	79.46 	91.98 	93.64 	84.84 	: 	: 	: 	: 	: 	: 	: 	: 	: 	102.60 	: 	: 	: 	: 	: 	: 	: 	: 	: 	: 	: 	: 	: 	: 	: 	: 	: 	: 	: 	: 	: 	: 	: 	: 	: 	: 	: 	: 	: 	: 	: 	: 	: 	: 	: 	: 
M12,A4210K,THS_HD,PT	296.74 p	312.71 	259.64 	275.51 	283.14 	293.48 	316.29 	321.68 	334.00 	343.24 	350.56 	354.96 	354.46 	360.73 	357.78 	377.10 	384.78 	377.52 	375.88 	389.45 	410.75 	451.89 	457.43 	472.00 	488.00 	494.00 	511.00 	522.00 	518.00 	544.00 	553.00 	570.00 	: 	: 	: 	580.00 	: 	: 	: 	: 	: 	: 	: 	: 	: 	: 	: 	: 	: 	: 	: 	: 	: 	: 	: 	: 	: 	: 	: 	: 	: 	: 
M12,A4210K,THS_HD,RO	1214.10 	1290.80 	1293.50 	1212.90 	1184.20 	1160.80 	1133.40 	1128.90 	1059.00 	1030.70 	1012.10 	1032.00 	754.70 	740.50 	713.50 	615.64 	581.30 	551.70 	491.00 	469.00 	: 	: 	: 	: 	: 	: 	: 	: 	: 	: 	: 	: 	: 	: 	: 	: 	: 	: 	: 	: 	: 	: 	: 	: 	: 	: 	: 	: 	: 	: 	: 	: 	: 	: 	: 	: 	: 	: 	: 	: 	: 	: 
M12,A4210K,THS_HD,RS	141.00 	146.00 	140.00 	150.00 	136.00 	150.00 	153.00 	157.00 	160.00 	164.00 	158.00 	158.00 	: 	: 	: 	: 	: 	: 	: 	: 	: 	: 	: 	: 	: 	: 	: 	: 	: 	: 	: 	: 	: 	: 	: 	: 	: 	: 	: 	: 	: 	: 	: 	: 	: 	: 	: 	: 	: 	: 	: 	: 	: 	: 	: 	: 	: 	: 	: 	: 	: 	: 
M12,A4210K,THS_HD,SE	: 	: 	: 	: 	: 	: 	: 	0.00 	0.00 	0.00 	0.00 	0.00 	0.00 	0.00 	: 	: 	3.40 	3.40 	3.40 	: 	: 	: 	: 	: 	: 	: 	: 	: 	: 	: 	: 	: 	: 	: 	: 	: 	: 	: 	: 	: 	: 	: 	: 	: 	: 	: 	: 	: 	: 	: 	: 	: 	: 	: 	: 	: 	: 	: 	: 	: 	: 	: 
M12,A4210K,THS_HD,SI	: 	: 	: 	: 	: 	: 	: 	: 	: 	: 	: 	: 	21.84 	16.84 	19.00 	20.22 	17.82 	16.08 	16.99 	16.74 	14.80 	16.10 	11.44 	: 	: 	7.00 	7.00 	7.00 	6.00 	8.00 	: 	: 	: 	: 	: 	: 	: 	: 	: 	: 	: 	: 	: 	: 	: 	: 	: 	: 	: 	: 	: 	: 	: 	: 	: 	: 	: 	: 	: 	: 	: 	: 
M12,A4210K,THS_HD,SK	: 	: 	32.73 	33.54 	34.08 	33.65 	33.82 e	32.43 	32.90 	32.30 	31.88 	33.07 	33.39 	34.75 	35.42 	36.21 	37.33 	36.86 	37.03 	37.71 	38.34 	42.75 	42.34 	42.00 	20.00 	19.00 	18.00 	18.00 	16.00 	13.00 	10.00 	6.00 	6.00 	6.00 	6.00 	: 	: 	: 	: 	: 	: 	: 	: 	: 	: 	: 	: 	: 	: 	: 	: 	: 	: 	: 	: 	: 	: 	: 	: 	: 	: 	: 
M12,A4210K,THS_HD,TR	7594.55 	7523.45 	7033.59 	6855.95 	6324.53 	6152.44 e	6194.58 e	6153.54 e	5486.51 e	4970.15 e	: 	: 	: 	: 	: 	: 	: 	: 	: 	: 	: 	: 	: 	: 	: 	: 	: 	: 	: 	: 	: 	: 	: 	: 	: 	: 	: 	: 	: 	: 	: 	: 	: 	: 	: 	: 	: 	: 	: 	: 	: 	: 	: 	: 	: 	: 	: 	: 	: 	: 	: 	: 
M12,A4210K,THS_HD,UK	: 	: 	: 	: 	: 	: 	: 	: 	0.00 	0.00 	0.00 	0.00 	0.00 	0.00 	: 	: 	47.78 	45.55 	: 	: 	39.42 	38.48 	40.13 	42.40 	40.50 	42.91 	45.95 	45.95 	49.22 	52.00 	52.00 	57.00 	58.00 	52.00 	35.00 	25.00 	25.00 	0.00 	0.00 	0.00 	0.00 	: 	: 	: 	: 	: 	: 	: 	: 	: 	: 	: 	: 	: 	: 	: 	: 	: 	: 	: 	: 	: 
M12,A4210K,THS_HD,XK	: 	21.91 	20.60 	22.40 	24.84 	24.32 	26.31 	: 	: 	: 	: 	: 	: 	: 	: 	: 	: 	: 	: 	: 	: 	: 	: 	: 	: 	: 	: 	: 	: 	: 	: 	: 	: 	: 	: 	: 	: 	: 	: 	: 	: 	: 	: 	: 	: 	: 	: 	: 	: 	: 	: 	: 	: 	: 	: 	: 	: 	: 	: 	: 	: 	: 
M12,A4210KA,THS_HD,AL	115.05 	94.55 	123.75 	145.51 	149.30 	71.62 p	69.50 e	: 	: 	: 	: 	: 	: 	: 	: 	: 	: 	: 	: 	: 	: 	: 	: 	: 	: 	: 	: 	: 	: 	: 	: 	: 	: 	: 	: 	: 	: 	: 	: 	: 	: 	: 	: 	: 	: 	: 	: 	: 	: 	: 	: 	: 	: 	: 	: 	: 	: 	: 	: 	: 	: 	: 
M12,A4210KA,THS_HD,AT	: 	: 	: 	: 	: 	: 	: 	: 	: 	: 	: 	: 	: 	: 	: 	198.65 	: 	: 	: 	: 	: 	: 	: 	: 	: 	: 	: 	: 	: 	: 	: 	: 	: 	: 	: 	: 	: 	: 	: 	: 	: 	: 	: 	: 	: 	: 	: 	: 	: 	: 	: 	: 	: 	: 	: 	: 	: 	: 	: 	: 	: 	: 
M12,A4210KA,THS_HD,BA	: 	10.00 e	10.00 e	10.00 e	10.00 e	11.00 e	10.00 e	10.00 e	9.00 e	8.00 e	8.00 e	8.00 e	: 	: 	: 	: 	: 	: 	: 	: 	: 	: 	: 	: 	: 	: 	: 	: 	: 	: 	: 	: 	: 	: 	: 	: 	: 	: 	: 	: 	: 	: 	: 	: 	: 	: 	: 	: 	: 	: 	: 	: 	: 	: 	: 	: 	: 	: 	: 	: 	: 	: 
M12,A4210KA,THS_HD,BE	: 	: 	: 	: 	: 	: 	: 	: 	0.00 	: 	: 	: 	: 	: 	: 	: 	: 	: 	: 	: 	: 	: 	: 	: 	: 	: 	: 	: 	: 	: 	: 	: 	: 	: 	: 	: 	: 	: 	: 	: 	: 	: 	: 	: 	: 	: 	: 	: 	: 	: 	: 	: 	: 	: 	: 	: 	: 	: 	: 	: 	: 	: 
M12,A4210KA,THS_HD,BG	9.51 	8.55 	10.21 	8.63 	11.90 	11.02 	10.29 	15.86 	20.57 	16.06 	22.63 	14.47 	18.89 	19.71 	25.82 	29.35 	35.00 	30.38 	37.50 	38.00 	34.30 	45.70 	: 	: 	: 	: 	: 	: 	: 	: 	: 	: 	: 	: 	: 	: 	: 	: 	: 	: 	: 	: 	: 	: 	: 	: 	: 	: 	: 	: 	: 	: 	: 	: 	: 	: 	: 	: 	: 	: 	: 	: 
M12,A4210KA,THS_HD,CY	: 	6.64 	7.78 	7.20 	8.33 	5.40 	7.66 	8.72 	18.98 	20.49 	29.87 	31.05 	33.00 	21.69 	: 	: 	: 	: 	: 	: 	: 	: 	: 	: 	: 	: 	: 	: 	: 	: 	: 	: 	: 	: 	: 	: 	: 	: 	: 	: 	: 	: 	: 	: 	: 	: 	: 	: 	: 	: 	: 	: 	: 	: 	: 	: 	: 	: 	: 	: 	: 	: 
M12,A4210KA,THS_HD,CZ	: 	: 	: 	: 	: 	: 	: 	: 	: 	: 	: 	: 	2.07 	1.32 	1.52 	1.39 	2.00 	1.70 	2.00 	1.00 	: 	: 	: 	: 	: 	: 	: 	: 	: 	: 	: 	: 	: 	: 	: 	: 	: 	: 	: 	: 	: 	: 	: 	: 	: 	: 	: 	: 	: 	: 	: 	: 	: 	: 	: 	: 	: 	: 	: 	: 	: 	: 
M12,A4210KA,THS_HD,EL	326.00 	186.00 	473.00 	385.00 	456.00 	438.00 	495.00 	501.00 	423.00 	365.00 	425.00 	442.00 	298.00 	534.00 	575.00 	573.80 	556.80 	536.00 	525.00 	584.00 	567.00 	529.00 	468.00 	546.00 	555.00 	516.00 	: 	: 	: 	: 	: 	: 	: 	: 	: 	: 	: 	: 	: 	: 	: 	: 	: 	: 	: 	: 	: 	: 	: 	: 	: 	: 	: 	: 	: 	: 	: 	: 	: 	: 	: 	: 
M12,A4210KA,THS_HD,ES	214.77 p	213.62 p	249.05 	241.74 p	246.07 	227.52 	217.34 	264.30 	265.73 	300.08 	248.82 	191.82 	206.01 	230.71 	215.74 	198.65 	186.97 	192.00 	228.32 	215.96 	231.09 	230.39 	201.00 	216.00 	203.00 	235.00 	176.00 	176.00 	165.00 	142.00 	: 	: 	: 	: 	: 	: 	: 	: 	: 	: 	: 	: 	: 	: 	: 	: 	: 	: 	: 	: 	: 	: 	: 	: 	: 	: 	: 	: 	: 	: 	: 	: 
M12,A4210KA,THS_HD,FI	: 	: 	: 	: 	: 	: 	: 	: 	: 	: 	: 	: 	: 	0.23 	: 	0.40 	0.33 	0.40 	0.40 	0.40 	0.50 	0.30 	0.30 	0.30 	0.40 	0.40 	0.30 	: 	: 	: 	: 	: 	: 	: 	: 	: 	: 	: 	: 	: 	: 	: 	: 	: 	: 	: 	: 	: 	: 	: 	: 	: 	: 	: 	: 	: 	: 	: 	: 	: 	: 	: 
M12,A4210KA,THS_HD,FR	239.84 p	245.83 b	208.00 	207.00 	208.00 d	197.00 d	203.00 	214.00 	211.00 	211.00 	230.00 	240.00 	243.00 	225.20 	219.22 	212.72 	211.00 	205.00 	208.00 	212.00 	212.00 	196.00 	172.00 	176.00 	176.00 	176.00 	188.00 	180.00 	156.00 	: 	: 	: 	: 	: 	: 	: 	: 	: 	: 	: 	: 	: 	: 	: 	: 	: 	: 	: 	: 	: 	: 	: 	: 	: 	: 	: 	: 	: 	: 	: 	: 	: 
M12,A4210KA,THS_HD,HR	10.00 	11.00 	10.00 	10.00 	9.00 	11.00 	10.00 	7.00 	9.00 	7.00 	9.00 	8.00 	7.60 	7.10 	: 	10.11 	12.24 	12.87 	9.24 	10.34 	10.42 	9.06 	: 	: 	: 	: 	: 	: 	: 	: 	: 	: 	: 	: 	: 	: 	: 	: 	: 	: 	: 	: 	: 	: 	: 	: 	: 	: 	: 	: 	: 	: 	: 	: 	: 	: 	: 	: 	: 	: 	: 	: 
M12,A4210KA,THS_HD,HU	3.50 	2.00 	3.00 	3.00 	4.00 	4.00 	3.00 	2.00 	4.00 	3.00 	4.00 	3.00 	1.00 	2.00 	3.00 	2.00 	6.00 	2.00 	7.00 	: 	: 	: 	: 	: 	: 	: 	: 	: 	: 	: 	: 	: 	: 	: 	: 	: 	: 	: 	: 	: 	: 	: 	: 	: 	: 	: 	: 	: 	: 	: 	: 	: 	: 	: 	: 	: 	: 	: 	: 	: 	: 	: 
M12,A4210KA,THS_HD,IE	: 	: 	: 	: 	: 	: 	: 	0.00 	0.00 	: 	: 	: 	: 	: 	: 	: 	: 	: 	: 	: 	: 	: 	: 	: 	: 	: 	: 	: 	: 	: 	: 	: 	: 	: 	: 	: 	: 	: 	: 	: 	: 	: 	: 	: 	: 	: 	: 	: 	: 	: 	: 	: 	: 	: 	: 	: 	: 	: 	: 	: 	: 	: 
M12,A4210KA,THS_HD,IS	0.00 	0.00 	0.00 	0.00 	0.00 	0.00 	: 	: 	0.10 	0.10 	0.10 	: 	: 	: 	: 	: 	: 	: 	: 	: 	: 	: 	: 	: 	: 	: 	: 	: 	: 	: 	: 	: 	: 	: 	: 	: 	: 	: 	: 	: 	: 	: 	: 	: 	: 	: 	: 	: 	: 	: 	: 	: 	: 	: 	: 	: 	: 	: 	: 	: 	: 	: 
M12,A4210KA,THS_HD,IT	191.39 	191.35 	187.57 	179.31 	181.00 	174.70 	161.28 	144.51 	173.87 	159.18 	160.02 	177.08 	171.54 	169.48 	166.00 	164.66 	133.00 	140.32 	135.60 	137.00 	151.28 	136.00 	182.00 	198.00 	203.00 	180.00 	194.00 	194.00 	160.00 	155.00 	153.00 	: 	: 	: 	: 	: 	: 	: 	: 	: 	: 	: 	: 	: 	: 	: 	: 	: 	: 	: 	: 	: 	: 	: 	: 	: 	: 	: 	: 	: 	: 	: 
M12,A4210KA,THS_HD,LT	0.00 	0.00 	0.00 	0.00 	0.00 	0.00 	0.00 	: 	0.00 	: 	: 	: 	: 	27.70 	24.40 	: 	: 	: 	: 	: 	: 	: 	: 	: 	: 	: 	: 	: 	: 	: 	: 	: 	: 	: 	: 	: 	: 	: 	: 	: 	: 	: 	: 	: 	: 	: 	: 	: 	: 	: 	: 	: 	: 	: 	: 	: 	: 	: 	: 	: 	: 	: 
M12,A4210KA,THS_HD,ME	: 	: 	1.50 p	1.60 p	2.00 p	2.00 p	2.00 	2.00 	4.00 	1.00 	: 	: 	: 	: 	: 	: 	: 	: 	: 	: 	: 	: 	: 	: 	: 	: 	: 	: 	: 	: 	: 	: 	: 	: 	: 	: 	: 	: 	: 	: 	: 	: 	: 	: 	: 	: 	: 	: 	: 	: 	: 	: 	: 	: 	: 	: 	: 	: 	: 	: 	: 	: 
M12,A4210KA,THS_HD,MK	13.00 	17.00 	17.00 	19.00 	17.00 	20.00 	19.00 	15.00 	11.00 	0.00 	: 	: 	: 	: 	: 	: 	: 	: 	: 	: 	: 	: 	: 	: 	: 	: 	: 	: 	: 	: 	: 	: 	: 	: 	: 	: 	: 	: 	: 	: 	: 	: 	: 	: 	: 	: 	: 	: 	: 	: 	: 	: 	: 	: 	: 	: 	: 	: 	: 	: 	: 	: 
M12,A4210KA,THS_HD,MT	0.41 	0.39 	0.36 	0.46 	0.37 	0.27 	0.37 	0.35 	0.30 	0.37 	0.36 	0.52 	0.43 	0.81 	0.79 	1.40 	1.11 	1.02 	0.98 	: 	: 	: 	: 	: 	: 	: 	: 	: 	: 	: 	: 	: 	: 	: 	: 	: 	: 	: 	: 	: 	: 	: 	: 	: 	: 	: 	: 	: 	: 	: 	: 	: 	: 	: 	: 	: 	: 	: 	: 	: 	: 	: 
M12,A4210KA,THS_HD,NL	105.00 	100.00 	100.00 	107.00 	56.00 	: 	: 	: 	: 	: 	: 	: 	: 	: 	: 	: 	: 	: 	: 	: 	: 	: 	: 	: 	: 	: 	: 	: 	: 	: 	: 	: 	: 	: 	: 	: 	: 	: 	: 	: 	: 	: 	: 	: 	: 	: 	: 	: 	: 	: 	: 	: 	: 	: 	: 	: 	: 	: 	: 	: 	: 	: 
M12,A4210KA,THS_HD,PL	: 	: 	: 	: 	: 	: 	: 	: 	: 	5.64 	7.59 	7.59 	8.28 	7.55 	9.14 	5.67 	: 	: 	: 	: 	: 	: 	: 	: 	: 	: 	: 	: 	: 	: 	: 	: 	: 	: 	: 	: 	: 	: 	: 	: 	: 	: 	: 	: 	: 	: 	: 	: 	: 	: 	: 	: 	: 	: 	: 	: 	: 	: 	: 	: 	: 	: 
M12,A4210KA,THS_HD,PT	27.14 p	28.95 	17.03 	19.84 	20.45 	23.31 	22.96 	20.42 	20.54 	20.07 	26.19 	33.27 	32.80 	33.27 	34.54 	36.69 	37.34 	36.82 	35.04 	36.87 	39.15 	44.06 	49.87 	57.00 	59.00 	60.00 	62.00 	59.00 	: 	: 	: 	: 	: 	: 	: 	: 	: 	: 	: 	: 	: 	: 	: 	: 	: 	: 	: 	: 	: 	: 	: 	: 	: 	: 	: 	: 	: 	: 	: 	: 	: 	: 
M12,A4210KA,THS_HD,RO	147.70 	160.60 	170.00 	147.30 	143.50 	145.10 	148.30 	158.80 	146.40 	151.00 	148.50 	171.00 	110.60 	108.00 	93.10 	90.65 	81.30 	76.80 	: 	: 	: 	: 	: 	: 	: 	: 	: 	: 	: 	: 	: 	: 	: 	: 	: 	: 	: 	: 	: 	: 	: 	: 	: 	: 	: 	: 	: 	: 	: 	: 	: 	: 	: 	: 	: 	: 	: 	: 	: 	: 	: 	: 
M12,A4210KA,THS_HD,RS	16.00 	20.00 	14.00 	11.00 	14.00 	18.00 	26.00 	19.00 	16.00 	9.00 	7.00 	7.00 	: 	: 	: 	: 	: 	: 	: 	: 	: 	: 	: 	: 	: 	: 	: 	: 	: 	: 	: 	: 	: 	: 	: 	: 	: 	: 	: 	: 	: 	: 	: 	: 	: 	: 	: 	: 	: 	: 	: 	: 	: 	: 	: 	: 	: 	: 	: 	: 	: 	: 
M12,A4210KA,THS_HD,SE	: 	: 	: 	: 	: 	: 	: 	0.00 	0.00 	0.00 	0.00 	0.00 	0.00 	0.00 	: 	: 	: 	: 	: 	: 	: 	: 	: 	: 	: 	: 	: 	: 	: 	: 	: 	: 	: 	: 	: 	: 	: 	: 	: 	: 	: 	: 	: 	: 	: 	: 	: 	: 	: 	: 	: 	: 	: 	: 	: 	: 	: 	: 	: 	: 	: 	: 
M12,A4210KA,THS_HD,SI	: 	: 	: 	: 	: 	: 	: 	: 	: 	: 	: 	: 	4.47 	3.86 	3.44 	3.13 	2.71 	3.54 	2.91 	3.16 	3.58 	3.95 	3.32 	: 	: 	: 	: 	: 	: 	: 	: 	: 	: 	: 	: 	: 	: 	: 	: 	: 	: 	: 	: 	: 	: 	: 	: 	: 	: 	: 	: 	: 	: 	: 	: 	: 	: 	: 	: 	: 	: 	: 
M12,A4210KA,THS_HD,SK	: 	: 	6.36 	6.58 	6.66 	6.96 	6.89 e	6.62 	6.75 	6.68 	6.60 	6.89 	6.97 	7.02 	7.41 	7.76 	8.20 	8.33 	7.87 	7.94 	8.41 	6.10 	6.16 	11.00 	: 	: 	: 	: 	: 	: 	: 	: 	: 	: 	: 	: 	: 	: 	: 	: 	: 	: 	: 	: 	: 	: 	: 	: 	: 	: 	: 	: 	: 	: 	: 	: 	: 	: 	: 	: 	: 	: 
M12,A4210KA,THS_HD,TR	2152.45 	1893.94 	1770.62 	1725.90 	981.42 	954.72 e	961.26 e	954.89 e	851.38 e	771.26 e	: 	: 	: 	: 	: 	: 	: 	: 	: 	: 	: 	: 	: 	: 	: 	: 	: 	: 	: 	: 	: 	: 	: 	: 	: 	: 	: 	: 	: 	: 	: 	: 	: 	: 	: 	: 	: 	: 	: 	: 	: 	: 	: 	: 	: 	: 	: 	: 	: 	: 	: 	: 
M12,A4210KA,THS_HD,UK	: 	: 	: 	: 	: 	: 	: 	: 	0.00 	0.00 	0.00 	0.00 	0.00 	0.00 	: 	: 	: 	: 	: 	: 	: 	: 	: 	: 	: 	: 	: 	: 	: 	: 	: 	: 	: 	: 	: 	: 	: 	: 	: 	: 	: 	: 	: 	: 	: 	: 	: 	: 	: 	: 	: 	: 	: 	: 	: 	: 	: 	: 	: 	: 	: 	: 
M12,A4210KA,THS_HD,XK	: 	4.08 	3.77 	3.50 	5.44 	4.59 	5.30 	: 	: 	: 	: 	: 	: 	: 	: 	: 	: 	: 	: 	: 	: 	: 	: 	: 	: 	: 	: 	: 	: 	: 	: 	: 	: 	: 	: 	: 	: 	: 	: 	: 	: 	: 	: 	: 	: 	: 	: 	: 	: 	: 	: 	: 	: 	: 	: 	: 	: 	: 	: 	: 	: 	: 
M12,A4210KB,THS_HD,AL	599.00 	618.58 	670.92 	699.16 	717.38 	644.55 p	630.50 e	: 	: 	: 	: 	: 	: 	: 	: 	: 	: 	: 	: 	: 	: 	: 	: 	: 	: 	: 	: 	: 	: 	: 	: 	: 	: 	: 	: 	: 	: 	: 	: 	: 	: 	: 	: 	: 	: 	: 	: 	: 	: 	: 	: 	: 	: 	: 	: 	: 	: 	: 	: 	: 	: 	: 
M12,A4210KB,THS_HD,AT	: 	: 	: 	: 	: 	: 	: 	: 	: 	: 	: 	: 	: 	: 	: 	1971.12 	: 	: 	: 	: 	: 	: 	: 	: 	: 	: 	: 	: 	: 	: 	: 	: 	: 	: 	: 	: 	: 	: 	: 	: 	: 	: 	: 	: 	: 	: 	: 	: 	: 	: 	: 	: 	: 	: 	: 	: 	: 	: 	: 	: 	: 	: 
M12,A4210KB,THS_HD,BA	: 	34.00 e	34.00 e	35.00 e	35.00 e	35.00 e	35.00 e	35.00 e	34.00 e	33.00 e	33.00 e	34.00 e	: 	: 	: 	: 	: 	: 	: 	: 	: 	: 	: 	: 	: 	: 	: 	: 	: 	: 	: 	: 	: 	: 	: 	: 	: 	: 	: 	: 	: 	: 	: 	: 	: 	: 	: 	: 	: 	: 	: 	: 	: 	: 	: 	: 	: 	: 	: 	: 	: 	: 
M12,A4210KB,THS_HD,BE	: 	: 	: 	: 	: 	: 	: 	: 	0.00 	: 	: 	: 	: 	: 	: 	: 	: 	: 	: 	: 	: 	: 	: 	: 	: 	: 	: 	: 	: 	: 	: 	: 	: 	: 	: 	: 	: 	: 	: 	: 	: 	: 	: 	: 	: 	: 	: 	: 	: 	: 	: 	: 	: 	: 	: 	: 	: 	: 	: 	: 	: 	: 
M12,A4210KB,THS_HD,BG	179.84 	207.71 	193.88 	231.25 	220.87 	199.44 	219.87 	227.62 	244.56 	236.06 	272.86 	278.03 	303.12 	355.19 	406.06 	450.56 	505.90 	578.50 	592.60 	619.50 	553.90 	575.20 	847.00 	831.00 	770.00 	619.00 	668.00 	656.00 	540.00 	499.00 	448.00 	417.00 	367.00 	371.00 	366.00 	: 	: 	: 	: 	: 	: 	: 	: 	: 	: 	: 	: 	: 	: 	: 	: 	: 	: 	: 	: 	: 	: 	: 	: 	: 	: 	: 
M12,A4210KB,THS_HD,CY	: 	170.95 	153.13 	158.86 	157.36 	149.20 	139.63 	143.29 	150.10 	167.11 	176.21 	177.53 	179.14 	191.59 	: 	: 	: 	: 	: 	: 	: 	: 	: 	: 	: 	: 	: 	: 	: 	: 	: 	: 	: 	: 	: 	: 	: 	: 	: 	: 	: 	: 	: 	: 	: 	: 	: 	: 	: 	: 	: 	: 	: 	: 	: 	: 	: 	: 	: 	: 	: 	: 
M12,A4210KB,THS_HD,CZ	: 	: 	: 	: 	: 	: 	: 	: 	: 	: 	: 	: 	13.61 	11.07 	10.40 	7.90 	10.00 	7.70 	7.00 	7.00 	: 	: 	: 	: 	: 	: 	: 	: 	: 	: 	: 	: 	: 	: 	: 	: 	: 	: 	: 	: 	: 	: 	: 	: 	: 	: 	: 	: 	: 	: 	: 	: 	: 	: 	: 	: 	: 	: 	: 	: 	: 	: 
M12,A4210KB,THS_HD,EL	1741.00 	1996.00 	2115.00 	2478.00 	2427.00 	2464.00 	2384.00 	2549.00 	2670.00 	2523.00 	2675.00 	2710.00 	3276.00 	3310.00 	3137.00 	3098.07 	3181.17 	3160.00 	3121.00 	3291.00 	3434.00 	3278.00 	3549.00 	3166.00 	3432.00 	3421.00 	: 	: 	: 	: 	: 	: 	: 	: 	: 	: 	: 	: 	: 	: 	: 	: 	: 	: 	: 	: 	: 	: 	: 	: 	: 	: 	: 	: 	: 	: 	: 	: 	: 	: 	: 	: 
M12,A4210KB,THS_HD,ES	1644.45 p	1676.87 p	1647.83 	1744.66 p	1999.05 	1988.21 	1720.23 	1675.43 	1670.05 	1660.63 	1842.40 	2036.00 	2275.63 	2034.17 	1934.75 	1971.12 	1952.57 	1993.00 	2178.75 	2118.12 	2110.41 	2003.19 	1833.00 	1843.00 	1831.00 	1807.00 	1994.00 	1994.00 	1899.00 	1863.00 	: 	: 	: 	: 	: 	: 	: 	: 	: 	: 	: 	: 	: 	: 	: 	: 	: 	: 	: 	: 	: 	: 	: 	: 	: 	: 	: 	: 	: 	: 	: 	: 
M12,A4210KB,THS_HD,FI	: 	: 	: 	: 	: 	: 	: 	: 	: 	: 	: 	: 	: 	4.41 	: 	4.90 	4.50 	3.80 	3.10 	3.40 	4.30 	4.80 	4.40 	4.60 	4.50 	4.40 	4.00 	: 	: 	: 	: 	: 	: 	: 	: 	: 	: 	: 	: 	: 	: 	: 	: 	: 	: 	: 	: 	: 	: 	: 	: 	: 	: 	: 	: 	: 	: 	: 	: 	: 	: 	: 
M12,A4210KB,THS_HD,FR	935.09 p	932.64 b	850.00 	851.00 	831.00 d	824.00 d	846.00 	864.00 	880.00 	906.00 	940.00 	984.00 	888.00 	847.61 	855.10 	856.17 	858.00 	855.00 	848.00 	834.00 	827.00 	803.00 	751.00 	762.00 	785.00 	764.00 	755.00 	720.00 	732.00 	: 	: 	: 	: 	: 	: 	: 	: 	: 	: 	: 	: 	: 	: 	: 	: 	: 	: 	: 	: 	: 	: 	: 	: 	: 	: 	: 	: 	: 	: 	: 	: 	: 
M12,A4210KB,THS_HD,HR	56.00 	55.00 	53.00 	53.00 	49.00 	43.00 	34.00 	41.00 	45.00 	49.00 	46.00 	50.00 	55.00 	58.00 	: 	66.41 	70.11 	78.58 	56.41 	63.18 	63.65 	55.36 	: 	: 	: 	: 	: 	: 	: 	: 	: 	: 	: 	: 	: 	: 	: 	: 	: 	: 	: 	: 	: 	: 	: 	: 	: 	: 	: 	: 	: 	: 	: 	: 	: 	: 	: 	: 	: 	: 	: 	: 
M12,A4210KB,THS_HD,HU	29.10 	27.00 	31.00 	32.00 	37.00 	36.00 	34.00 	34.00 	36.00 	47.00 	43.00 	44.00 	36.00 	36.00 	37.00 	43.00 	41.00 	46.00 	43.00 	: 	: 	: 	: 	: 	: 	: 	: 	: 	: 	: 	: 	: 	: 	: 	: 	: 	: 	: 	: 	: 	: 	: 	: 	: 	: 	: 	: 	: 	: 	: 	: 	: 	: 	: 	: 	: 	: 	: 	: 	: 	: 	: 
M12,A4210KB,THS_HD,IE	: 	: 	: 	: 	: 	: 	: 	0.00 	0.00 	: 	: 	: 	: 	: 	: 	: 	: 	: 	: 	: 	: 	: 	: 	: 	: 	: 	: 	: 	: 	: 	: 	: 	: 	: 	: 	: 	: 	: 	: 	: 	: 	: 	: 	: 	: 	: 	: 	: 	: 	: 	: 	: 	: 	: 	: 	: 	: 	: 	: 	: 	: 	: 
M12,A4210KB,THS_HD,IS	1.20 	1.10 	1.10 	1.10 	1.00 	1.00 	: 	: 	0.60 	0.60 	0.60 	: 	: 	: 	: 	: 	: 	: 	: 	: 	: 	: 	: 	: 	: 	: 	: 	: 	: 	: 	: 	: 	: 	: 	: 	: 	: 	: 	: 	: 	: 	: 	: 	: 	: 	: 	: 	: 	: 	: 	: 	: 	: 	: 	: 	: 	: 	: 	: 	: 	: 	: 
M12,A4210KB,THS_HD,IT	632.86 	635.03 	639.85 	577.14 	582.73 	619.88 	588.94 	594.97 	622.84 	575.78 	637.58 	646.55 	632.25 	632.47 	620.00 	643.47 	624.00 	667.21 	662.05 	684.00 	707.57 	623.00 	964.00 	927.00 	941.00 	970.00 	877.00 	877.00 	877.00 	855.00 	831.00 	: 	: 	: 	: 	: 	: 	: 	: 	: 	: 	: 	: 	: 	: 	: 	: 	: 	: 	: 	: 	: 	: 	: 	: 	: 	: 	: 	: 	: 	: 	: 
M12,A4210KB,THS_HD,LT	8.70 	8.90 	9.20 	8.70 	9.10 	8.60 	9.00 	: 	0.00 	: 	: 	: 	: 	9.40 	7.40 	: 	: 	: 	: 	: 	: 	: 	: 	: 	: 	: 	: 	: 	: 	: 	: 	: 	: 	: 	: 	: 	: 	: 	: 	: 	: 	: 	: 	: 	: 	: 	: 	: 	: 	: 	: 	: 	: 	: 	: 	: 	: 	: 	: 	: 	: 	: 
M12,A4210KB,THS_HD,ME	: 	: 	19.40 p	19.80 p	19.00 p	21.00 p	22.00 	23.00 	20.00 	17.00 	: 	: 	: 	: 	: 	: 	: 	: 	: 	: 	: 	: 	: 	: 	: 	: 	: 	: 	: 	: 	: 	: 	: 	: 	: 	: 	: 	: 	: 	: 	: 	: 	: 	: 	: 	: 	: 	: 	: 	: 	: 	: 	: 	: 	: 	: 	: 	: 	: 	: 	: 	: 
M12,A4210KB,THS_HD,MK	58.00 	72.00 	64.00 	91.00 	84.00 	76.00 	64.00 	62.00 	60.00 	53.00 	: 	: 	: 	: 	: 	: 	: 	: 	: 	: 	: 	: 	: 	: 	: 	: 	: 	: 	: 	: 	: 	: 	: 	: 	: 	: 	: 	: 	: 	: 	: 	: 	: 	: 	: 	: 	: 	: 	: 	: 	: 	: 	: 	: 	: 	: 	: 	: 	: 	: 	: 	: 
M12,A4210KB,THS_HD,MT	4.19 	4.21 	4.31 	4.15 	3.92 	3.93 	3.74 	3.45 	3.67 	3.64 	3.75 	3.92 	5.27 	4.60 	4.54 	2.84 	3.62 	3.28 	3.13 	: 	: 	: 	: 	: 	: 	: 	: 	: 	: 	: 	: 	: 	: 	: 	: 	: 	: 	: 	: 	: 	: 	: 	: 	: 	: 	: 	: 	: 	: 	: 	: 	: 	: 	: 	: 	: 	: 	: 	: 	: 	: 	: 
M12,A4210KB,THS_HD,NL	426.00 	413.00 	409.00 	376.00 	330.00 	308.00 	260.00 	245.00 	242.00 	246.00 	227.00 	237.00 	256.00 	: 	: 	: 	: 	: 	: 	: 	: 	: 	: 	: 	: 	: 	: 	: 	: 	: 	: 	: 	: 	: 	: 	: 	: 	: 	: 	: 	: 	: 	: 	: 	: 	: 	: 	: 	: 	: 	: 	: 	: 	: 	: 	: 	: 	: 	: 	: 	: 	: 
M12,A4210KB,THS_HD,PL	: 	: 	: 	: 	: 	: 	: 	: 	: 	56.98 	73.37 	72.47 	71.18 	84.43 	84.50 	79.18 	: 	: 	: 	: 	: 	: 	: 	: 	: 	: 	: 	: 	: 	: 	: 	: 	: 	: 	: 	: 	: 	: 	: 	: 	: 	: 	: 	: 	: 	: 	: 	: 	: 	: 	: 	: 	: 	: 	: 	: 	: 	: 	: 	: 	: 	: 
M12,A4210KB,THS_HD,PT	269.61 p	283.75 	242.61 	255.66 	262.70 	270.17 	293.33 	301.27 	313.47 	323.17 	324.37 	321.69 	321.66 	327.46 	323.25 	340.41 	347.44 	340.70 	340.85 	352.59 	371.60 	407.83 	407.55 	415.00 	429.00 	434.00 	449.00 	463.00 	: 	: 	: 	: 	: 	: 	: 	: 	: 	: 	: 	: 	: 	: 	: 	: 	: 	: 	: 	: 	: 	: 	: 	: 	: 	: 	: 	: 	: 	: 	: 	: 	: 	: 
M12,A4210KB,THS_HD,RO	1066.40 	1130.20 	1123.50 	1065.60 	1040.70 	1015.70 	985.10 	970.10 	912.60 	879.70 	863.60 	861.00 	644.10 	632.50 	620.40 	524.99 	500.20 	474.90 	: 	: 	406.00 	404.00 	411.00 	429.00 	453.00 	475.00 	514.00 	542.00 	562.00 	613.00 	734.00 	697.00 	706.00 	756.00 	707.00 	: 	: 	: 	: 	: 	: 	: 	: 	: 	: 	: 	: 	: 	: 	: 	: 	: 	: 	: 	: 	: 	: 	: 	: 	: 	: 	: 
M12,A4210KB,THS_HD,RS	125.00 	127.00 	126.00 	138.00 	122.00 	132.00 	128.00 	138.00 	143.00 	155.00 	151.00 	151.00 	: 	: 	: 	: 	: 	: 	: 	: 	: 	: 	: 	: 	: 	: 	: 	: 	: 	: 	: 	: 	: 	: 	: 	: 	: 	: 	: 	: 	: 	: 	: 	: 	: 	: 	: 	: 	: 	: 	: 	: 	: 	: 	: 	: 	: 	: 	: 	: 	: 	: 
M12,A4210KB,THS_HD,SE	: 	: 	: 	: 	: 	: 	: 	0.00 	0.00 	0.00 	0.00 	0.00 	0.00 	0.00 	: 	: 	: 	: 	: 	: 	: 	: 	: 	: 	: 	: 	: 	: 	: 	: 	: 	: 	: 	: 	: 	: 	: 	: 	: 	: 	: 	: 	: 	: 	: 	: 	: 	: 	: 	: 	: 	: 	: 	: 	: 	: 	: 	: 	: 	: 	: 	: 
M12,A4210KB,THS_HD,SI	: 	: 	: 	: 	: 	: 	: 	: 	: 	: 	: 	: 	17.37 	12.97 	15.57 	17.08 	15.12 	12.54 	14.08 	13.59 	11.22 	12.15 	8.13 	: 	: 	: 	: 	: 	: 	: 	: 	: 	: 	: 	: 	: 	: 	: 	: 	: 	: 	: 	: 	: 	: 	: 	: 	: 	: 	: 	: 	: 	: 	: 	: 	: 	: 	: 	: 	: 	: 	: 
M12,A4210KB,THS_HD,SK	: 	: 	26.38 	26.97 	27.42 	26.69 	26.93 e	25.81 	26.15 	25.61 	25.27 	26.18 	26.42 	27.73 	28.01 	28.45 	29.14 	28.53 	29.16 	29.77 	29.93 	36.64 	36.18 	31.00 	11.00 	: 	: 	: 	: 	: 	: 	: 	: 	: 	: 	: 	: 	: 	: 	: 	: 	: 	: 	: 	: 	: 	: 	: 	: 	: 	: 	: 	: 	: 	: 	: 	: 	: 	: 	: 	: 	: 
M12,A4210KB,THS_HD,TR	5442.11 	5629.51 	5262.97 	5130.05 	5343.10 	5197.72 e	5233.32 e	5198.65 e	4635.13 e	4198.89 e	: 	: 	: 	: 	: 	: 	: 	: 	: 	: 	: 	: 	: 	: 	: 	: 	: 	: 	: 	: 	: 	: 	: 	: 	: 	: 	: 	: 	: 	: 	: 	: 	: 	: 	: 	: 	: 	: 	: 	: 	: 	: 	: 	: 	: 	: 	: 	: 	: 	: 	: 	: 
M12,A4210KB,THS_HD,UK	: 	: 	: 	: 	: 	: 	: 	: 	0.00 	0.00 	0.00 	0.00 	0.00 	0.00 	: 	: 	: 	: 	: 	: 	: 	: 	: 	: 	: 	: 	: 	: 	: 	: 	: 	: 	: 	: 	: 	: 	: 	: 	: 	: 	: 	: 	: 	: 	: 	: 	: 	: 	: 	: 	: 	: 	: 	: 	: 	: 	: 	: 	: 	: 	: 	: 
M12,A4210KB,THS_HD,XK	: 	17.83 	16.83 	18.90 	19.40 	19.72 	21.02 	: 	: 	: 	: 	: 	: 	: 	: 	: 	: 	: 	: 	: 	: 	: 	: 	: 	: 	: 	: 	: 	: 	: 	: 	: 	: 	: 	: 	: 	: 	: 	: 	: 	: 	: 	: 	: 	: 	: 	: 	: 	: 	: 	: 	: 	: 	: 	: 	: 	: 	: 	: 	: 	: 	: 
M12,A4220,THS_HD,AL	61.28 	61.20 	68.20 	72.49 	66.46 	224.64 p	232.00 e	: 	: 	: 	: 	: 	: 	: 	: 	: 	: 	: 	: 	: 	: 	: 	: 	: 	: 	: 	: 	: 	: 	: 	: 	: 	: 	: 	: 	: 	: 	: 	: 	: 	: 	: 	: 	: 	: 	: 	: 	: 	: 	: 	: 	: 	: 	: 	: 	: 	: 	: 	: 	: 	: 	: 
M12,A4220,THS_HD,AT	36.85 	33.03 	32.37 	31.20 	31.58 	29.51 	26.39 	24.49 	24.29 	25.40 	24.08 	24.67 	24.58 	21.28 	21.00 	17.45 	19.62 	18.00 	17.87 	17.48 	17.62 	18.10 	17.63 	17.31 	19.77 	: 	: 	: 	: 	: 	: 	: 	: 	: 	: 	: 	: 	: 	: 	: 	: 	: 	: 	: 	: 	: 	: 	: 	: 	: 	: 	: 	: 	: 	: 	: 	: 	: 	: 	: 	: 	: 
M12,A4220,THS_HD,BA	: 	27.00 e	28.00 e	28.00 e	28.00 e	29.00 e	28.00 e	29.00 e	26.00 e	24.00 e	24.00 e	22.00 e	: 	: 	: 	: 	: 	: 	: 	: 	: 	: 	: 	: 	: 	: 	: 	: 	: 	: 	: 	: 	: 	: 	: 	: 	: 	: 	: 	: 	: 	: 	: 	: 	: 	: 	: 	: 	: 	: 	: 	: 	: 	: 	: 	: 	: 	: 	: 	: 	: 	: 
M12,A4220,THS_HD,BE	: 	: 	: 	: 	: 	2.26 	: 	: 	0.00 	: 	: 	: 	: 	: 	: 	: 	: 	: 	: 	: 	: 	1.59 	: 	: 	: 	: 	: 	: 	: 	: 	: 	: 	: 	: 	: 	: 	: 	: 	: 	: 	: 	: 	: 	: 	: 	: 	: 	: 	: 	: 	: 	: 	: 	: 	: 	: 	: 	: 	: 	: 	: 	: 
M12,A4220,THS_HD,BG	25.66 	37.13 	24.41 	31.85 	24.20 	27.09 	46.76 	49.17 	24.18 	41.53 	45.87 	63.83 	38.82 	54.93 	63.60 	69.16 	67.53 	109.23 	95.20 	97.00 	87.10 	119.10 	199.00 	: 	: 	: 	: 	83.00 	: 	: 	: 	: 	: 	: 	40.00 	: 	: 	: 	: 	: 	: 	: 	: 	: 	: 	: 	: 	: 	: 	: 	: 	: 	: 	: 	: 	: 	: 	: 	: 	: 	: 	: 
M12,A4220,THS_HD,CY	: 	83.53 	88.91 	84.35 	91.95 	92.03 	86.60 	80.01 	75.37 	83.57 	83.20 	97.25 	67.14 	108.41 	137.74 	101.21 	72.81 	97.90 	133.63 	168.21 	148.80 	104.60 	105.00 	85.00 	: 	: 	: 	: 	: 	: 	: 	: 	: 	: 	: 	: 	: 	: 	: 	: 	: 	: 	: 	: 	: 	: 	: 	: 	: 	: 	: 	: 	: 	: 	: 	: 	: 	: 	: 	: 	: 	: 
M12,A4220,THS_HD,CZ	: 	: 	: 	: 	: 	: 	: 	: 	: 	: 	: 	: 	8.10 	5.61 	6.23 	6.93 	6.00 	4.60 	4.00 	5.00 	2.00 	3.00 	4.00 	5.00 	5.00 	6.00 	7.00 	15.00 	14.00 	15.00 	12.00 	12.00 	13.00 	12.00 	12.00 	: 	: 	: 	: 	: 	: 	: 	: 	: 	: 	: 	: 	: 	: 	: 	: 	: 	: 	: 	: 	: 	: 	: 	: 	: 	: 	: 
M12,A4220,THS_HD,EE	: 	: 	: 	: 	: 	: 	: 	: 	: 	: 	: 	: 	: 	0.80 	1.50 	1.30 	0.90 	1.30 	1.50 	1.50 	0.90 	: 	: 	: 	: 	: 	: 	: 	: 	: 	: 	: 	: 	: 	: 	: 	: 	: 	: 	: 	: 	: 	: 	: 	: 	: 	: 	: 	: 	: 	: 	: 	: 	: 	: 	: 	: 	: 	: 	: 	: 	: 
M12,A4220,THS_HD,EL	777.00 	687.00 	992.00 	762.00 	885.00 	986.00 	1138.00 	1204.00 	1294.00 	1406.00 	1196.00 	1310.00 	1164.00 	1139.00 	1219.00 	1256.78 	1187.64 	1489.00 	1471.00 	1593.00 	1450.00 	1373.00 	1300.00 	1666.00 	1891.00 	1730.00 	1847.00 	1725.00 	1806.00 	1783.00 	: 	: 	: 	: 	: 	: 	: 	: 	: 	: 	: 	: 	: 	: 	: 	: 	: 	: 	: 	: 	: 	: 	: 	: 	: 	: 	: 	: 	: 	: 	: 	: 
M12,A4220,THS_HD,ES	730.54 p	760.55 p	762.22 	778.38 p	816.30 	872.31 	863.50 	764.50 	674.21 	676.63 	601.85 	675.96 	215.54 	694.46 	741.09 	786.96 	695.36 	648.00 	754.99 	712.64 	772.53 	596.38 	593.00 	721.00 	761.00 	692.00 	794.00 	794.00 	675.00 	659.00 	: 	: 	: 	: 	: 	: 	: 	: 	: 	: 	: 	: 	: 	: 	: 	: 	: 	: 	: 	: 	: 	: 	: 	: 	: 	: 	: 	: 	: 	: 	: 	: 
M12,A4220,THS_HD,FI	: 	: 	: 	: 	: 	: 	: 	: 	: 	: 	: 	: 	: 	1.02 	0.94 	1.39 	1.42 	0.50 	1.30 	1.30 	1.70 	1.60 	1.70 	1.70 	1.60 	1.20 	1.20 	: 	: 	: 	: 	: 	: 	: 	: 	: 	: 	: 	: 	: 	: 	: 	: 	: 	: 	: 	: 	: 	: 	: 	: 	: 	: 	: 	: 	: 	: 	: 	: 	: 	: 	: 
M12,A4220,THS_HD,FR	212.83 p	235.51 b	184.00 	194.00 	174.00 d	183.00 d	181.00 	192.00 	191.00 	189.00 	211.00 	223.00 	187.00 	194.39 	180.68 	185.57 	183.00 	182.00 	184.00 	183.00 	196.00 	157.00 	153.00 	149.00 	150.00 	174.00 	140.00 	168.00 	168.00 	166.00 	182.00 	: 	: 	: 	: 	: 	: 	: 	: 	: 	: 	: 	: 	: 	: 	: 	: 	: 	: 	: 	: 	: 	: 	: 	: 	: 	: 	: 	: 	: 	: 	: 
M12,A4220,THS_HD,HR	20.00 	20.00 	19.00 	17.00 	19.00 	21.00 	18.00 	13.00 	15.00 	16.00 	6.00 	5.20 	3.90 	4.90 	: 	7.79 	18.12 	7.13 	20.44 	23.01 	18.88 	14.97 	: 	: 	: 	: 	: 	: 	: 	: 	: 	: 	: 	: 	: 	: 	: 	: 	: 	: 	: 	: 	: 	: 	: 	: 	: 	: 	: 	: 	: 	: 	: 	: 	: 	: 	: 	: 	: 	: 	: 	: 
M12,A4220,THS_HD,HU	13.00 	19.00 	30.00 	31.00 	38.00 	40.00 	35.00 	34.00 	34.00 	39.00 	33.00 	28.00 	21.00 	28.00 	27.00 	24.00 	32.00 	26.00 	32.00 	31.00 	35.00 	34.00 	: 	: 	: 	: 	: 	: 	: 	: 	: 	: 	: 	: 	: 	: 	: 	: 	: 	: 	: 	: 	: 	: 	: 	: 	: 	: 	: 	: 	: 	: 	: 	: 	: 	: 	: 	: 	: 	: 	: 	: 
M12,A4220,THS_HD,IE	: 	: 	: 	: 	: 	: 	: 	0.00 	0.00 	: 	: 	: 	: 	: 	: 	: 	: 	: 	: 	: 	: 	: 	: 	: 	: 	: 	: 	: 	: 	: 	: 	: 	: 	: 	: 	: 	: 	: 	: 	: 	: 	: 	: 	: 	: 	: 	: 	: 	: 	: 	: 	: 	: 	: 	: 	: 	: 	: 	: 	: 	: 	: 
M12,A4220,THS_HD,IS	0.00 	0.00 	0.00 	0.00 	0.00 	0.00 	: 	: 	0.20 	0.20 	0.10 	: 	: 	: 	: 	: 	: 	: 	: 	: 	: 	: 	: 	: 	: 	: 	: 	: 	: 	: 	: 	: 	: 	: 	: 	: 	: 	: 	: 	: 	: 	: 	: 	: 	: 	: 	: 	: 	: 	: 	: 	: 	: 	: 	: 	: 	: 	: 	: 	: 	: 	: 
M12,A4220,THS_HD,IT	236.50 	239.33 	231.30 	229.80 	228.34 	231.68 	211.46 	197.55 	179.17 	156.65 	162.31 	159.29 	157.17 	155.31 	134.00 	147.19 	188.00 	170.48 	163.37 	167.00 	165.92 	164.00 	251.00 	206.00 	203.00 	240.00 	377.00 	377.00 	341.00 	334.00 	330.00 	: 	: 	: 	: 	: 	: 	: 	: 	: 	: 	: 	: 	: 	: 	: 	: 	: 	: 	: 	: 	: 	: 	: 	: 	: 	: 	: 	: 	: 	: 	: 
M12,A4220,THS_HD,LT	6.00 	5.80 	5.90 	5.60 	5.20 	4.80 	4.50 	5.00 	5.30 	4.60 	5.70 	6.90 	5.60 	7.20 	7.40 	7.50 	4.80 	9.00 	8.50 	6.90 	7.40 	6.80 	7.50 	5.80 	5.10 	5.90 	4.70 	3.80 	3.60 	3.10 	2.40 	1.80 	1.00 	0.80 	1.00 	: 	: 	: 	: 	: 	: 	: 	: 	: 	: 	: 	: 	: 	: 	: 	: 	: 	: 	: 	: 	: 	: 	: 	: 	: 	: 	: 
M12,A4220,THS_HD,LV	3.47 	3.56 	3.48 	3.59 	3.71 	4.17 	3.91 	3.16 	3.26 	3.42 	3.47 	3.30 	3.16 	3.28 	4.34 	5.21 	5.00 	6.90 	6.60 	7.00 	5.70 	5.10 	3.70 	3.90 	4.00 	: 	: 	: 	: 	: 	: 	: 	: 	: 	: 	: 	: 	: 	: 	: 	: 	: 	: 	: 	: 	: 	: 	: 	: 	: 	: 	: 	: 	: 	: 	: 	: 	: 	: 	: 	: 	: 
M12,A4220,THS_HD,ME	: 	: 	7.80 p	7.60 p	8.00 p	8.00 p	6.00 	8.00 	6.00 	2.00 	: 	: 	: 	: 	: 	: 	: 	: 	: 	: 	: 	: 	: 	: 	: 	: 	: 	: 	: 	: 	: 	: 	: 	: 	: 	: 	: 	: 	: 	: 	: 	: 	: 	: 	: 	: 	: 	: 	: 	: 	: 	: 	: 	: 	: 	: 	: 	: 	: 	: 	: 	: 
M12,A4220,THS_HD,MK	5.00 	6.00 	6.00 	7.00 	6.00 	6.00 	5.00 	4.00 	4.00 	3.00 	: 	: 	: 	: 	: 	: 	: 	: 	: 	: 	: 	: 	: 	: 	: 	: 	: 	: 	: 	: 	: 	: 	: 	: 	: 	: 	: 	: 	: 	: 	: 	: 	: 	: 	: 	: 	: 	: 	: 	: 	: 	: 	: 	: 	: 	: 	: 	: 	: 	: 	: 	: 
M12,A4220,THS_HD,MT	1.04 	0.92 	0.92 	1.12 	0.88 	0.78 	0.82 	0.83 	0.63 	0.84 	0.84 	0.66 	0.71 	0.96 	0.90 	1.50 	1.54 	1.33 	1.27 	: 	: 	: 	: 	: 	: 	: 	: 	: 	: 	: 	: 	: 	: 	: 	: 	: 	: 	: 	: 	: 	: 	: 	: 	: 	: 	: 	: 	: 	: 	: 	: 	: 	: 	: 	: 	: 	: 	: 	: 	: 	: 	: 
M12,A4220,THS_HD,NL	44.00 	44.00 	42.00 	35.00 	160.00 	154.00 	179.00 	169.00 	140.00 	133.00 	141.00 	115.00 	138.00 	: 	: 	: 	: 	: 	: 	: 	: 	: 	: 	: 	: 	: 	: 	: 	: 	: 	: 	: 	: 	: 	: 	: 	: 	: 	: 	: 	: 	: 	: 	: 	: 	: 	: 	: 	: 	: 	: 	: 	: 	: 	: 	: 	: 	: 	: 	: 	: 	: 
M12,A4220,THS_HD,PL	: 	: 	: 	: 	: 	: 	: 	: 	: 	27.32 	30.86 	42.06 	39.38 	44.14 	50.29 	45.53 	: 	: 	: 	: 	: 	: 	: 	: 	: 	: 	: 	: 	: 	: 	: 	: 	: 	: 	: 	: 	: 	: 	: 	: 	: 	: 	: 	: 	: 	: 	: 	: 	: 	: 	: 	: 	: 	: 	: 	: 	: 	: 	: 	: 	: 	: 
M12,A4220,THS_HD,PT	53.73 p	55.71 	56.84 	57.08 	56.51 	53.68 	56.51 	60.37 	64.39 	60.75 	62.18 	64.23 	70.52 	72.07 	80.86 	90.41 	90.16 	92.84 	68.18 	80.30 	78.56 	109.94 	172.30 	204.00 	185.00 	183.00 	193.00 	215.00 	222.00 	231.00 	233.00 	237.00 	: 	: 	: 	: 	: 	: 	: 	: 	: 	: 	: 	: 	: 	: 	: 	: 	: 	: 	: 	: 	: 	: 	: 	: 	: 	: 	: 	: 	: 	: 
M12,A4220,THS_HD,RO	271.90 	321.00 	301.30 	326.40 	319.10 	322.30 	306.80 	288.30 	254.00 	235.00 	224.00 	208.80 	162.60 	157.80 	151.60 	111.77 	105.50 	109.00 	187.00 	164.00 	120.00 	: 	: 	: 	: 	: 	: 	: 	: 	: 	: 	: 	: 	: 	: 	: 	: 	: 	: 	: 	: 	: 	: 	: 	: 	: 	: 	: 	: 	: 	: 	: 	: 	: 	: 	: 	: 	: 	: 	: 	: 	: 
M12,A4220,THS_HD,RS	54.00 	56.00 	52.00 	46.00 	47.00 	50.00 	50.00 	61.00 	65.00 	68.00 	80.00 	79.00 	: 	: 	: 	: 	: 	: 	: 	: 	: 	: 	: 	: 	: 	: 	: 	: 	: 	: 	: 	: 	: 	: 	: 	: 	: 	: 	: 	: 	: 	: 	: 	: 	: 	: 	: 	: 	: 	: 	: 	: 	: 	: 	: 	: 	: 	: 	: 	: 	: 	: 
M12,A4220,THS_HD,SE	: 	: 	: 	: 	: 	: 	: 	0.00 	0.00 	0.00 	0.00 	0.00 	0.00 	0.00 	: 	: 	2.20 	2.20 	2.20 	: 	: 	: 	: 	: 	: 	: 	: 	: 	: 	: 	: 	: 	: 	: 	: 	: 	: 	: 	: 	: 	: 	: 	: 	: 	: 	: 	: 	: 	: 	: 	: 	: 	: 	: 	: 	: 	: 	: 	: 	: 	: 	: 
M12,A4220,THS_HD,SI	: 	: 	: 	: 	: 	: 	: 	: 	: 	: 	: 	: 	8.00 	7.39 	9.23 	7.58 	5.63 	5.22 	6.30 	5.23 	5.10 	5.94 	3.20 	: 	: 	2.00 	4.00 	3.00 	3.00 	4.00 	: 	: 	: 	: 	: 	: 	: 	: 	: 	: 	: 	: 	: 	: 	: 	: 	: 	: 	: 	: 	: 	: 	: 	: 	: 	: 	: 	: 	: 	: 	: 	: 
M12,A4220,THS_HD,SK	: 	: 	2.86 	3.36 	2.99 	2.71 	2.49 e	2.75 	2.56 	2.53 	2.18 	2.22 	2.30 	2.33 	2.46 	2.14 	2.23 	2.15 	2.19 	2.48 	2.05 	8.67 	8.74 	9.00 	7.00 	7.00 	7.00 	7.00 	9.00 	7.00 	7.00 	4.00 	3.00 	4.00 	3.00 	: 	: 	: 	: 	: 	: 	: 	: 	: 	: 	: 	: 	: 	: 	: 	: 	: 	: 	: 	: 	: 	: 	: 	: 	: 	: 	: 
M12,A4220,THS_HD,TR	4746.96 	4462.40 	4171.84 	4066.48 	4310.15 	4192.86 e	4221.59 e	4193.62 e	3739.04 e	3387.14 e	: 	: 	: 	: 	: 	: 	: 	: 	: 	: 	: 	: 	: 	: 	: 	: 	: 	: 	: 	: 	: 	: 	: 	: 	: 	: 	: 	: 	: 	: 	: 	: 	: 	: 	: 	: 	: 	: 	: 	: 	: 	: 	: 	: 	: 	: 	: 	: 	: 	: 	: 	: 
M12,A4220,THS_HD,UK	: 	: 	: 	: 	: 	: 	: 	: 	0.00 	0.00 	0.00 	0.00 	0.00 	0.00 	: 	: 	48.17 	40.42 	: 	: 	35.36 	37.74 	35.08 	37.93 	36.00 	37.64 	43.65 	43.65 	47.77 	52.00 	53.00 	: 	: 	: 	: 	: 	: 	: 	: 	: 	: 	: 	: 	: 	: 	: 	: 	: 	: 	: 	: 	: 	: 	: 	: 	: 	: 	: 	: 	: 	: 	: 
M12,A4220,THS_HD,XK	: 	7.65 	6.60 	6.30 	3.57 	3.46 	4.08 	: 	: 	: 	: 	: 	: 	: 	: 	: 	: 	: 	: 	: 	: 	: 	: 	: 	: 	: 	: 	: 	: 	: 	: 	: 	: 	: 	: 	: 	: 	: 	: 	: 	: 	: 	: 	: 	: 	: 	: 	: 	: 	: 	: 	: 	: 	: 	: 	: 	: 	: 	: 	: 	: 	: 
