Time frequency,species,Unit of measure,area,year,value
Annual,"Live asses, mules and hinnies",Thousand heads (animals),France,1960,143.0
Annual,"Live horses, asses, mules and hinnies",Thousand heads (animals),France,1960,1872.0
Annual,Live horses,Thousand heads (animals),France,1960,1729.0
Annual,"Live horses, asses, mules and hinnies",Thousand heads (animals),France,1961,1744.0
Annual,"Live asses, mules and hinnies",Thousand heads (animals),France,1961,127.0
Annual,Live horses,Thousand heads (animals),France,1961,1617.0
Annual,"Live horses, asses, mules and hinnies",Thousand heads (animals),France,1962,1636.0
Annual,"Live asses, mules and hinnies",Thousand heads (animals),France,1962,110.0
Annual,Live horses,Thousand heads (animals),France,1962,1526.0
Annual,"Live asses, mules and hinnies",Thousand heads (animals),Italy,1963,701.0
Annual,Live horses,Thousand heads (animals),Belgium,1963,132.0
Annual,"Live horses, asses, mules and hinnies",Thousand heads (animals),France,1963,1458.0
Annual,"Live horses, asses, mules and hinnies",Thousand heads (animals),Italy,1963,1049.0
Annual,"Live horses, asses, mules and hinnies",Thousand heads (animals),Belgium,1963,132.0
Annual,Live horses,Thousand heads (animals),Denmark,1963,81.0
Annual,"Live asses, mules and hinnies",Thousand heads (animals),Belgium,1963,0.0
Annual,"Live horses, asses, mules and hinnies",Thousand heads (animals),Greece,1963,1006.0
Annual,"Live asses, mules and hinnies",Thousand heads (animals),Federal Republic of Germany (former territory of the FRG only),1963,0.0
Annual,Live horses,Thousand heads (animals),France,1963,1357.0
Annual,Live horses,Thousand heads (animals),Netherlands,1963,144.0
Annual,"Live asses, mules and hinnies",Thousand heads (animals),France,1963,101.0
Annual,"Live horses, asses, mules and hinnies",Thousand heads (animals),Federal Republic of Germany (former territory of the FRG only),1963,493.0
Annual,"Live asses, mules and hinnies",Thousand heads (animals),Netherlands,1963,0.0
Annual,"Live horses, asses, mules and hinnies",Thousand heads (animals),Luxembourg,1963,3.0
Annual,"Live asses, mules and hinnies",Thousand heads (animals),United Kingdom,1963,0.0
Annual,"Live asses, mules and hinnies",Thousand heads (animals),Denmark,1963,0.0
Annual,"Live asses, mules and hinnies",Thousand heads (animals),Luxembourg,1963,0.0
Annual,Live horses,Thousand heads (animals),Luxembourg,1963,3.0
Annual,"Live horses, asses, mules and hinnies",Thousand heads (animals),Denmark,1963,81.0
Annual,Live horses,Thousand heads (animals),Italy,1963,348.0
Annual,"Live horses, asses, mules and hinnies",Thousand heads (animals),Netherlands,1963,144.0
Annual,Live horses,Thousand heads (animals),Luxembourg,1964,3.0
Annual,"Live horses, asses, mules and hinnies",Thousand heads (animals),Denmark,1964,64.0
Annual,"Live horses, asses, mules and hinnies",Thousand heads (animals),Federal Republic of Germany (former territory of the FRG only),1964,417.0
Annual,Live horses,Thousand heads (animals),Italy,1964,341.0
Annual,Live horses,Thousand heads (animals),France,1964,1228.0
Annual,"Live horses, asses, mules and hinnies",Thousand heads (animals),Greece,1964,981.0
Annual,"Live asses, mules and hinnies",Thousand heads (animals),United Kingdom,1964,0.0
Annual,"Live asses, mules and hinnies",Thousand heads (animals),Belgium,1964,0.0
Annual,"Live horses, asses, mules and hinnies",Thousand heads (animals),Belgium,1964,120.0
Annual,Live horses,Thousand heads (animals),Belgium,1964,120.0
Annual,"Live horses, asses, mules and hinnies",Thousand heads (animals),Italy,1964,1029.0
Annual,"Live asses, mules and hinnies",Thousand heads (animals),France,1964,94.0
Annual,Live horses,Thousand heads (animals),Netherlands,1964,135.0
Annual,"Live asses, mules and hinnies",Thousand heads (animals),Luxembourg,1964,0.0
Annual,"Live asses, mules and hinnies",Thousand heads (animals),Italy,1964,688.0
Annual,"Live asses, mules and hinnies",Thousand heads (animals),Netherlands,1964,0.0
Annual,"Live asses, mules and hinnies",Thousand heads (animals),Federal Republic of Germany (former territory of the FRG only),1964,0.0
Annual,"Live horses, asses, mules and hinnies",Thousand heads (animals),Luxembourg,1964,3.0
Annual,"Live horses, asses, mules and hinnies",Thousand heads (animals),Netherlands,1964,135.0
Annual,Live horses,Thousand heads (animals),Denmark,1964,64.0
Annual,"Live asses, mules and hinnies",Thousand heads (animals),Denmark,1964,0.0
Annual,"Live horses, asses, mules and hinnies",Thousand heads (animals),France,1964,1322.0
Annual,"Live horses, asses, mules and hinnies",Thousand heads (animals),Netherlands,1965,113.0
Annual,Live horses,Thousand heads (animals),Italy,1965,331.0
Annual,"Live asses, mules and hinnies",Thousand heads (animals),Luxembourg,1965,0.0
Annual,"Live asses, mules and hinnies",Thousand heads (animals),United Kingdom,1965,0.0
Annual,"Live asses, mules and hinnies",Thousand heads (animals),Denmark,1965,0.0
Annual,"Live horses, asses, mules and hinnies",Thousand heads (animals),Luxembourg,1965,2.0
Annual,"Live horses, asses, mules and hinnies",Thousand heads (animals),Denmark,1965,53.0
Annual,Live horses,Thousand heads (animals),Luxembourg,1965,2.0
Annual,Live horses,Thousand heads (animals),France,1965,1114.0
Annual,"Live asses, mules and hinnies",Thousand heads (animals),Netherlands,1965,0.0
Annual,"Live asses, mules and hinnies",Thousand heads (animals),Italy,1965,627.0
Annual,Live horses,Thousand heads (animals),Belgium,1965,109.0
Annual,"Live horses, asses, mules and hinnies",Thousand heads (animals),Italy,1965,958.0
Annual,"Live asses, mules and hinnies",Thousand heads (animals),Federal Republic of Germany (former territory of the FRG only),1965,0.0
Annual,"Live asses, mules and hinnies",Thousand heads (animals),Belgium,1965,0.0
Annual,Live horses,Thousand heads (animals),Greece,1965,294.0
Annual,Live horses,Thousand heads (animals),Denmark,1965,53.0
Annual,"Live horses, asses, mules and hinnies",Thousand heads (animals),France,1965,1198.0
Annual,"Live horses, asses, mules and hinnies",Thousand heads (animals),Federal Republic of Germany (former territory of the FRG only),1965,360.0
Annual,"Live asses, mules and hinnies",Thousand heads (animals),Greece,1965,654.0
Annual,"Live horses, asses, mules and hinnies",Thousand heads (animals),Greece,1965,948.0
Annual,"Live horses, asses, mules and hinnies",Thousand heads (animals),Belgium,1965,109.0
Annual,Live horses,Thousand heads (animals),Netherlands,1965,113.0
Annual,"Live asses, mules and hinnies",Thousand heads (animals),France,1965,84.0
Annual,"Live asses, mules and hinnies",Thousand heads (animals),Greece,1966,634.0
Annual,Live horses,Thousand heads (animals),France,1966,1044.0
Annual,Live horses,Thousand heads (animals),Italy,1966,321.0
Annual,"Live horses, asses, mules and hinnies",Thousand heads (animals),Belgium,1966,98.0
Annual,"Live horses, asses, mules and hinnies",Thousand heads (animals),Greece,1966,914.0
Annual,Live horses,Thousand heads (animals),Greece,1966,280.0
Annual,Live horses,Thousand heads (animals),Netherlands,1966,100.0
Annual,"Live horses, asses, mules and hinnies",Thousand heads (animals),France,1966,1124.0
Annual,Live horses,Thousand heads (animals),Denmark,1966,45.0
Annual,"Live asses, mules and hinnies",Thousand heads (animals),Belgium,1966,0.0
Annual,"Live horses, asses, mules and hinnies",Thousand heads (animals),Federal Republic of Germany (former territory of the FRG only),1966,312.0
Annual,"Live asses, mules and hinnies",Thousand heads (animals),Federal Republic of Germany (former territory of the FRG only),1966,0.0
Annual,"Live horses, asses, mules and hinnies",Thousand heads (animals),Italy,1966,921.0
Annual,"Live horses, asses, mules and hinnies",Thousand heads (animals),Denmark,1966,45.0
Annual,"Live asses, mules and hinnies",Thousand heads (animals),Luxembourg,1966,0.0
Annual,"Live asses, mules and hinnies",Thousand heads (animals),Denmark,1966,0.0
Annual,Live horses,Thousand heads (animals),Luxembourg,1966,2.0
Annual,"Live horses, asses, mules and hinnies",Thousand heads (animals),Netherlands,1966,100.0
Annual,Live horses,Thousand heads (animals),Belgium,1966,98.0
Annual,"Live horses, asses, mules and hinnies",Thousand heads (animals),Luxembourg,1966,2.0
Annual,"Live asses, mules and hinnies",Thousand heads (animals),Netherlands,1966,0.0
Annual,"Live asses, mules and hinnies",Thousand heads (animals),United Kingdom,1966,0.0
Annual,"Live asses, mules and hinnies",Thousand heads (animals),France,1966,80.0
Annual,"Live asses, mules and hinnies",Thousand heads (animals),Italy,1966,600.0
Annual,"Live asses, mules and hinnies",Thousand heads (animals),Belgium,1967,0.0
Annual,"Live horses, asses, mules and hinnies",Thousand heads (animals),Federal Republic of Germany (former territory of the FRG only),1967,283.0
Annual,Live horses,Thousand heads (animals),France,1967,874.0
Annual,"Live asses, mules and hinnies",Thousand heads (animals),Denmark,1967,0.0
Annual,"Live horses, asses, mules and hinnies",Thousand heads (animals),Belgium,1967,87.0
Annual,"Live horses, asses, mules and hinnies",Thousand heads (animals),Italy,1967,868.0
Annual,"Live horses, asses, mules and hinnies",Thousand heads (animals),Netherlands,1967,117.0
Annual,"Live asses, mules and hinnies",Thousand heads (animals),Netherlands,1967,0.0
Annual,"Live horses, asses, mules and hinnies",Thousand heads (animals),Greece,1967,875.0
Annual,"Live asses, mules and hinnies",Thousand heads (animals),Luxembourg,1967,0.0
Annual,"Live asses, mules and hinnies",Thousand heads (animals),Greece,1967,610.0
Annual,"Live asses, mules and hinnies",Thousand heads (animals),Federal Republic of Germany (former territory of the FRG only),1967,0.0
Annual,"Live horses, asses, mules and hinnies",Thousand heads (animals),Luxembourg,1967,2.0
Annual,Live horses,Thousand heads (animals),Netherlands,1967,117.0
Annual,"Live asses, mules and hinnies",Thousand heads (animals),Italy,1967,548.0
Annual,"Live horses, asses, mules and hinnies",Thousand heads (animals),France,1967,953.0
Annual,Live horses,Thousand heads (animals),Denmark,1967,42.0
Annual,Live horses,Thousand heads (animals),Greece,1967,265.0
Annual,Live horses,Thousand heads (animals),Belgium,1967,87.0
Annual,"Live asses, mules and hinnies",Thousand heads (animals),France,1967,79.0
Annual,"Live horses, asses, mules and hinnies",Thousand heads (animals),Denmark,1967,42.0
Annual,Live horses,Thousand heads (animals),Luxembourg,1967,2.0
Annual,"Live asses, mules and hinnies",Thousand heads (animals),United Kingdom,1967,0.0
Annual,Live horses,Thousand heads (animals),Italy,1967,320.0
Annual,Live horses,Thousand heads (animals),Italy,1968,310.0
Annual,"Live horses, asses, mules and hinnies",Thousand heads (animals),Greece,1968,854.0
Annual,Live horses,Thousand heads (animals),Greece,1968,267.0
Annual,Live horses,Thousand heads (animals),Netherlands,1968,115.0
Annual,"Live horses, asses, mules and hinnies",Thousand heads (animals),France,1968,821.0
Annual,Live horses,Thousand heads (animals),Denmark,1968,40.0
Annual,"Live horses, asses, mules and hinnies",Thousand heads (animals),Denmark,1968,40.0
Annual,"Live asses, mules and hinnies",Thousand heads (animals),Federal Republic of Germany (former territory of the FRG only),1968,0.0
Annual,"Live asses, mules and hinnies",Thousand heads (animals),Belgium,1968,0.0
Annual,"Live horses, asses, mules and hinnies",Thousand heads (animals),European Community - 9 countries (1973-1980),1968,2487.0
Annual,Live horses,Thousand heads (animals),Luxembourg,1968,2.0
Annual,"Live asses, mules and hinnies",Thousand heads (animals),United Kingdom,1968,0.0
Annual,Live horses,Thousand heads (animals),Belgium,1968,81.0
Annual,"Live asses, mules and hinnies",Thousand heads (animals),Italy,1968,510.0
Annual,"Live asses, mules and hinnies",Thousand heads (animals),Netherlands,1968,0.0
Annual,Live horses,Thousand heads (animals),United Kingdom,1968,210.0
Annual,"Live horses, asses, mules and hinnies",Thousand heads (animals),Luxembourg,1968,2.0
Annual,"Live horses, asses, mules and hinnies",Thousand heads (animals),United Kingdom,1968,210.0
Annual,"Live asses, mules and hinnies",Thousand heads (animals),France,1968,71.0
Annual,"Live asses, mules and hinnies",Thousand heads (animals),Luxembourg,1968,0.0
Annual,"Live horses, asses, mules and hinnies",Thousand heads (animals),Netherlands,1968,115.0
Annual,"Live horses, asses, mules and hinnies",Thousand heads (animals),European Community - 10 countries (1981-1985),1968,3341.0
Annual,"Live asses, mules and hinnies",Thousand heads (animals),Greece,1968,587.0
Annual,"Live horses, asses, mules and hinnies",Thousand heads (animals),Italy,1968,820.0
Annual,"Live horses, asses, mules and hinnies",Thousand heads (animals),Ireland,1968,134.0
Annual,"Live asses, mules and hinnies",Thousand heads (animals),Denmark,1968,0.0
Annual,"Live horses, asses, mules and hinnies",Thousand heads (animals),Belgium,1968,81.0
Annual,"Live horses, asses, mules and hinnies",Thousand heads (animals),Federal Republic of Germany (former territory of the FRG only),1968,264.0
Annual,Live horses,Thousand heads (animals),France,1968,750.0
Annual,"Live asses, mules and hinnies",Thousand heads (animals),France,1969,67.0
Annual,"Live horses, asses, mules and hinnies",Thousand heads (animals),European Community - 9 countries (1973-1980),1969,2358.0
Annual,Live horses,Thousand heads (animals),Greece,1969,254.0
Annual,"Live horses, asses, mules and hinnies",Thousand heads (animals),Federal Republic of Germany (former territory of the FRG only),1969,254.0
Annual,"Live horses, asses, mules and hinnies",Thousand heads (animals),Italy,1969,777.0
Annual,"Live asses, mules and hinnies",Thousand heads (animals),Denmark,1969,0.0
Annual,Live horses,Thousand heads (animals),Italy,1969,296.0
Annual,"Live horses, asses, mules and hinnies",Thousand heads (animals),Luxembourg,1969,2.0
Annual,"Live horses, asses, mules and hinnies",Thousand heads (animals),Greece,1969,813.0
Annual,Live horses,Thousand heads (animals),Belgium,1969,76.0
Annual,"Live asses, mules and hinnies",Thousand heads (animals),United Kingdom,1969,0.0
Annual,Live horses,Thousand heads (animals),United Kingdom,1969,204.0
Annual,Live horses,Thousand heads (animals),France,1969,696.0
Annual,"Live horses, asses, mules and hinnies",Thousand heads (animals),United Kingdom,1969,204.0
Annual,"Live asses, mules and hinnies",Thousand heads (animals),Belgium,1969,0.0
Annual,"Live asses, mules and hinnies",Thousand heads (animals),Netherlands,1969,0.0
Annual,"Live horses, asses, mules and hinnies",Thousand heads (animals),European Community - 10 countries (1981-1985),1969,3171.0
Annual,Live horses,Thousand heads (animals),Denmark,1969,42.0
Annual,"Live horses, asses, mules and hinnies",Thousand heads (animals),Denmark,1969,42.0
Annual,Live horses,Thousand heads (animals),Netherlands,1969,110.0
Annual,"Live horses, asses, mules and hinnies",Thousand heads (animals),Belgium,1969,76.0
Annual,"Live horses, asses, mules and hinnies",Thousand heads (animals),Ireland,1969,130.0
Annual,"Live asses, mules and hinnies",Thousand heads (animals),Luxembourg,1969,0.0
Annual,"Live horses, asses, mules and hinnies",Thousand heads (animals),France,1969,763.0
Annual,"Live horses, asses, mules and hinnies",Thousand heads (animals),Netherlands,1969,110.0
Annual,"Live asses, mules and hinnies",Thousand heads (animals),Italy,1969,481.0
Annual,"Live asses, mules and hinnies",Thousand heads (animals),Greece,1969,559.0
Annual,"Live asses, mules and hinnies",Thousand heads (animals),Federal Republic of Germany (former territory of the FRG only),1969,0.0
Annual,Live horses,Thousand heads (animals),Luxembourg,1969,2.0
Annual,"Live horses, asses, mules and hinnies",Thousand heads (animals),Federal Republic of Germany (former territory of the FRG only),1970,253.0
Annual,Live horses,Thousand heads (animals),Denmark,1970,45.0
Annual,"Live horses, asses, mules and hinnies",Thousand heads (animals),Italy,1970,708.0
Annual,"Live horses, asses, mules and hinnies",Thousand heads (animals),France,1970,513.59
Annual,"Live horses, asses, mules and hinnies",Thousand heads (animals),European Community - 9 countries (1973-1980),1970,2041.59
Annual,Live horses,Thousand heads (animals),Netherlands,1970,86.0
Annual,Live horses,Thousand heads (animals),Luxembourg,1970,2.0
Annual,"Live asses, mules and hinnies",Thousand heads (animals),United Kingdom,1970,0.0
Annual,"Live asses, mules and hinnies",Thousand heads (animals),Federal Republic of Germany (former territory of the FRG only),1970,0.0
Annual,Live horses,Thousand heads (animals),Ireland,1970,124.0
Annual,"Live asses, mules and hinnies",Thousand heads (animals),Belgium,1970,0.0
Annual,Live horses,Thousand heads (animals),France,1970,453.4
Annual,"Live asses, mules and hinnies",Thousand heads (animals),European Community - 10 countries (1981-1985),1970,1080.19
Annual,Live horses,Thousand heads (animals),Belgium,1970,67.0
Annual,"Live horses, asses, mules and hinnies",Thousand heads (animals),Denmark,1970,45.0
Annual,"Live asses, mules and hinnies",Thousand heads (animals),European Community - 9 countries (1973-1980),1970,544.19
Annual,"Live horses, asses, mules and hinnies",Thousand heads (animals),United Kingdom,1970,196.0
Annual,"Live horses, asses, mules and hinnies",Thousand heads (animals),Netherlands,1970,86.0
Annual,"Live asses, mules and hinnies",Thousand heads (animals),Ireland,1970,47.0
Annual,"Live horses, asses, mules and hinnies",Thousand heads (animals),Ireland,1970,171.0
Annual,"Live asses, mules and hinnies",Thousand heads (animals),Luxembourg,1970,0.0
Annual,Live horses,Thousand heads (animals),Greece,1970,232.0
Annual,"Live asses, mules and hinnies",Thousand heads (animals),Greece,1970,536.0
Annual,"Live horses, asses, mules and hinnies",Thousand heads (animals),Luxembourg,1970,2.0
Annual,"Live horses, asses, mules and hinnies",Thousand heads (animals),Belgium,1970,67.0
Annual,"Live horses, asses, mules and hinnies",Thousand heads (animals),Greece,1970,768.0
Annual,Live horses,Thousand heads (animals),United Kingdom,1970,196.0
Annual,"Live asses, mules and hinnies",Thousand heads (animals),Italy,1970,437.0
Annual,"Live asses, mules and hinnies",Thousand heads (animals),France,1970,60.19
Annual,"Live asses, mules and hinnies",Thousand heads (animals),Netherlands,1970,0.0
Annual,"Live asses, mules and hinnies",Thousand heads (animals),Denmark,1970,0.0
Annual,Live horses,Thousand heads (animals),Italy,1970,271.0
Annual,"Live horses, asses, mules and hinnies",Thousand heads (animals),European Community - 10 countries (1981-1985),1970,2809.59
Annual,"Live asses, mules and hinnies",Thousand heads (animals),Luxembourg,1971,0.0
Annual,"Live asses, mules and hinnies",Thousand heads (animals),Denmark,1971,0.0
Annual,Live horses,Thousand heads (animals),Netherlands,1971,73.0
Annual,"Live horses, asses, mules and hinnies",Thousand heads (animals),Netherlands,1971,73.0
Annual,Live horses,Thousand heads (animals),France,1971,409.64
Annual,"Live asses, mules and hinnies",Thousand heads (animals),United Kingdom,1971,0.0
Annual,"Live horses, asses, mules and hinnies",Thousand heads (animals),European Community - 9 countries (1973-1980),1971,1920.83
Annual,"Live asses, mules and hinnies",Thousand heads (animals),Greece,1971,514.0
Annual,"Live asses, mules and hinnies",Thousand heads (animals),European Community - 10 countries (1981-1985),1971,1016.19
Annual,"Live asses, mules and hinnies",Thousand heads (animals),Netherlands,1971,0.0
Annual,"Live horses, asses, mules and hinnies",Thousand heads (animals),United Kingdom,1971,190.0
Annual,"Live asses, mules and hinnies",Thousand heads (animals),Italy,1971,400.0
Annual,"Live horses, asses, mules and hinnies",Thousand heads (animals),Luxembourg,1971,2.0
Annual,"Live horses, asses, mules and hinnies",Thousand heads (animals),Federal Republic of Germany (former territory of the FRG only),1971,265.0
Annual,"Live horses, asses, mules and hinnies",Thousand heads (animals),Italy,1971,655.0
Annual,Live horses,Thousand heads (animals),United Kingdom,1971,190.0
Annual,"Live asses, mules and hinnies",Thousand heads (animals),Belgium,1971,0.0
Annual,"Live horses, asses, mules and hinnies",Thousand heads (animals),European Community - 10 countries (1981-1985),1971,2650.83
Annual,Live horses,Thousand heads (animals),Belgium,1971,60.0
Annual,Live horses,Thousand heads (animals),Luxembourg,1971,2.0
Annual,"Live horses, asses, mules and hinnies",Thousand heads (animals),Belgium,1971,60.0
Annual,"Live asses, mules and hinnies",Thousand heads (animals),Federal Republic of Germany (former territory of the FRG only),1971,0.0
Annual,Live horses,Thousand heads (animals),Greece,1971,216.0
Annual,"Live horses, asses, mules and hinnies",Thousand heads (animals),Ireland,1971,162.0
Annual,"Live horses, asses, mules and hinnies",Thousand heads (animals),Greece,1971,730.0
Annual,"Live asses, mules and hinnies",Thousand heads (animals),Ireland,1971,45.0
Annual,"Live asses, mules and hinnies",Thousand heads (animals),European Community - 9 countries (1973-1980),1971,502.19
Annual,Live horses,Thousand heads (animals),Italy,1971,255.0
Annual,"Live horses, asses, mules and hinnies",Thousand heads (animals),Denmark,1971,47.0
Annual,"Live asses, mules and hinnies",Thousand heads (animals),France,1971,57.19
Annual,"Live horses, asses, mules and hinnies",Thousand heads (animals),France,1971,466.83
Annual,Live horses,Thousand heads (animals),Denmark,1971,47.0
Annual,Live horses,Thousand heads (animals),Ireland,1971,117.0
Annual,"Live horses, asses, mules and hinnies",Thousand heads (animals),Belgium,1972,58.0
Annual,Live horses,Thousand heads (animals),United Kingdom,1972,185.0
Annual,Live horses,Thousand heads (animals),Netherlands,1972,70.0
Annual,"Live horses, asses, mules and hinnies",Thousand heads (animals),Italy,1972,620.0
Annual,"Live horses, asses, mules and hinnies",Thousand heads (animals),Netherlands,1972,70.0
Annual,"Live asses, mules and hinnies",Thousand heads (animals),Belgium,1972,0.0
Annual,"Live horses, asses, mules and hinnies",Thousand heads (animals),Greece,1972,681.0
Annual,"Live horses, asses, mules and hinnies",Thousand heads (animals),European Community - 10 countries (1981-1985),1972,2549.58
Annual,"Live asses, mules and hinnies",Thousand heads (animals),United Kingdom,1972,0.0
Annual,"Live asses, mules and hinnies",Thousand heads (animals),European Community - 9 countries (1973-1980),1972,461.76
Annual,Live horses,Thousand heads (animals),Luxembourg,1972,2.0
Annual,"Live asses, mules and hinnies",Thousand heads (animals),France,1972,54.76
Annual,"Live asses, mules and hinnies",Thousand heads (animals),Netherlands,1972,0.0
Annual,Live horses,Thousand heads (animals),Ireland,1972,112.0
Annual,"Live asses, mules and hinnies",Thousand heads (animals),European Community - 10 countries (1981-1985),1972,948.76
Annual,"Live horses, asses, mules and hinnies",Thousand heads (animals),Ireland,1972,156.0
Annual,"Live asses, mules and hinnies",Thousand heads (animals),Ireland,1972,44.0
Annual,"Live horses, asses, mules and hinnies",Thousand heads (animals),France,1972,446.58
Annual,"Live horses, asses, mules and hinnies",Thousand heads (animals),Denmark,1972,48.0
Annual,"Live horses, asses, mules and hinnies",Thousand heads (animals),United Kingdom,1972,185.0
Annual,"Live asses, mules and hinnies",Thousand heads (animals),Denmark,1972,0.0
Annual,"Live horses, asses, mules and hinnies",Thousand heads (animals),European Community - 9 countries (1973-1980),1972,1868.58
Annual,Live horses,Thousand heads (animals),France,1972,391.82
Annual,"Live asses, mules and hinnies",Thousand heads (animals),Greece,1972,487.0
Annual,"Live asses, mules and hinnies",Thousand heads (animals),Italy,1972,363.0
Annual,"Live asses, mules and hinnies",Thousand heads (animals),Luxembourg,1972,0.0
Annual,Live horses,Thousand heads (animals),Italy,1972,257.0
Annual,Live horses,Thousand heads (animals),Belgium,1972,58.0
Annual,"Live asses, mules and hinnies",Thousand heads (animals),Federal Republic of Germany (former territory of the FRG only),1972,0.0
Annual,Live horses,Thousand heads (animals),Denmark,1972,48.0
Annual,"Live horses, asses, mules and hinnies",Thousand heads (animals),Federal Republic of Germany (former territory of the FRG only),1972,283.0
Annual,"Live horses, asses, mules and hinnies",Thousand heads (animals),Luxembourg,1972,2.0
Annual,Live horses,Thousand heads (animals),Greece,1972,194.0
Annual,Live horses,Thousand heads (animals),Greece,1973,180.0
Annual,"Live asses, mules and hinnies",Thousand heads (animals),Denmark,1973,0.0
Annual,"Live horses, asses, mules and hinnies",Thousand heads (animals),United Kingdom,1973,180.0
Annual,"Live asses, mules and hinnies",Thousand heads (animals),European Community - 10 countries (1981-1985),1973,885.47
Annual,"Live horses, asses, mules and hinnies",Thousand heads (animals),European Community - 10 countries (1981-1985),1973,2456.77
Annual,"Live horses, asses, mules and hinnies",Thousand heads (animals),Belgium,1973,56.0
Annual,"Live horses, asses, mules and hinnies",Thousand heads (animals),Greece,1973,646.0
Annual,Live horses,Thousand heads (animals),France,1973,372.59
Annual,"Live horses, asses, mules and hinnies",Thousand heads (animals),Luxembourg,1973,2.0
Annual,"Live asses, mules and hinnies",Thousand heads (animals),European Community - 9 countries (1973-1980),1973,419.47
Annual,"Live asses, mules and hinnies",Thousand heads (animals),Italy,1973,343.0
Annual,"Live horses, asses, mules and hinnies",Thousand heads (animals),France,1973,424.67
Annual,Live horses,Thousand heads (animals),Denmark,1973,50.0
Annual,Live horses,Thousand heads (animals),Luxembourg,1973,2.0
Annual,"Live horses, asses, mules and hinnies",Thousand heads (animals),Denmark,1973,50.0
Annual,"Live horses, asses, mules and hinnies",Thousand heads (animals),European Community - 9 countries (1973-1980),1973,1810.77
Annual,"Live horses, asses, mules and hinnies",Thousand heads (animals),Federal Republic of Germany (former territory of the FRG only),1973,320.0
Annual,Live horses,Thousand heads (animals),Italy,1973,249.0
Annual,"Live asses, mules and hinnies",Thousand heads (animals),Luxembourg,1973,0.0
Annual,Live horses,Thousand heads (animals),Belgium,1973,56.0
Annual,"Live asses, mules and hinnies",Thousand heads (animals),Federal Republic of Germany (former territory of the FRG only),1973,0.0
Annual,"Live asses, mules and hinnies",Thousand heads (animals),Ireland,1973,24.4
Annual,"Live asses, mules and hinnies",Thousand heads (animals),Netherlands,1973,0.0
Annual,"Live horses, asses, mules and hinnies",Thousand heads (animals),Italy,1973,592.0
Annual,Live horses,Thousand heads (animals),United Kingdom,1973,180.0
Annual,"Live horses, asses, mules and hinnies",Thousand heads (animals),Netherlands,1973,74.0
Annual,"Live asses, mules and hinnies",Thousand heads (animals),France,1973,52.07
Annual,Live horses,Thousand heads (animals),Netherlands,1973,74.0
Annual,"Live asses, mules and hinnies",Thousand heads (animals),United Kingdom,1973,0.0
Annual,"Live asses, mules and hinnies",Thousand heads (animals),Belgium,1973,0.0
Annual,"Live asses, mules and hinnies",Thousand heads (animals),Greece,1973,466.0
Annual,"Live horses, asses, mules and hinnies",Thousand heads (animals),Ireland,1973,112.1
Annual,Live horses,Thousand heads (animals),Ireland,1973,87.7
Annual,"Live horses, asses, mules and hinnies",Thousand heads (animals),Netherlands,1974,77.0
Annual,"Live horses, asses, mules and hinnies",Thousand heads (animals),European Community - 10 countries (1981-1985),1974,2370.49
Annual,"Live asses, mules and hinnies",Thousand heads (animals),Ireland,1974,26.6
Annual,"Live asses, mules and hinnies",Thousand heads (animals),European Community - 9 countries (1973-1980),1974,387.05
Annual,"Live asses, mules and hinnies",Thousand heads (animals),Luxembourg,1974,0.0
Annual,Live horses,Thousand heads (animals),United Kingdom,1974,177.0
Annual,"Live asses, mules and hinnies",Thousand heads (animals),Denmark,1974,0.0
Annual,Live horses,Thousand heads (animals),Luxembourg,1974,2.0
Annual,"Live horses, asses, mules and hinnies",Thousand heads (animals),Ireland,1974,98.1
Annual,Live horses,Thousand heads (animals),France,1974,363.94
Annual,"Live horses, asses, mules and hinnies",Thousand heads (animals),Greece,1974,609.0
Annual,"Live asses, mules and hinnies",Thousand heads (animals),Italy,1974,311.0
Annual,"Live horses, asses, mules and hinnies",Thousand heads (animals),Italy,1974,561.0
Annual,Live horses,Thousand heads (animals),Denmark,1974,55.0
Annual,"Live asses, mules and hinnies",Thousand heads (animals),France,1974,49.45
Annual,"Live asses, mules and hinnies",Thousand heads (animals),Belgium,1974,0.0
Annual,"Live asses, mules and hinnies",Thousand heads (animals),Federal Republic of Germany (former territory of the FRG only),1974,0.0
Annual,Live horses,Thousand heads (animals),Netherlands,1974,77.0
Annual,Live horses,Thousand heads (animals),Belgium,1974,53.0
Annual,Live horses,Thousand heads (animals),Ireland,1974,71.5
Annual,"Live asses, mules and hinnies",Thousand heads (animals),Netherlands,1974,0.0
Annual,"Live asses, mules and hinnies",Thousand heads (animals),Greece,1974,443.0
Annual,"Live asses, mules and hinnies",Thousand heads (animals),United Kingdom,1974,0.0
Annual,"Live horses, asses, mules and hinnies",Thousand heads (animals),France,1974,413.39
Annual,"Live asses, mules and hinnies",Thousand heads (animals),European Community - 10 countries (1981-1985),1974,830.05
Annual,"Live horses, asses, mules and hinnies",Thousand heads (animals),Denmark,1974,55.0
Annual,"Live horses, asses, mules and hinnies",Thousand heads (animals),Belgium,1974,53.0
Annual,"Live horses, asses, mules and hinnies",Thousand heads (animals),Luxembourg,1974,2.0
Annual,"Live horses, asses, mules and hinnies",Thousand heads (animals),Federal Republic of Germany (former territory of the FRG only),1974,325.0
Annual,"Live horses, asses, mules and hinnies",Thousand heads (animals),United Kingdom,1974,177.0
Annual,Live horses,Thousand heads (animals),Greece,1974,166.0
Annual,"Live horses, asses, mules and hinnies",Thousand heads (animals),European Community - 9 countries (1973-1980),1974,1761.49
Annual,Live horses,Thousand heads (animals),Italy,1974,250.0
Annual,"Live asses, mules and hinnies",Thousand heads (animals),Luxembourg,1975,0.0
Annual,Live horses,Thousand heads (animals),Belgium,1975,52.0
Annual,Live horses,Thousand heads (animals),Denmark,1975,58.0
Annual,"Live asses, mules and hinnies",Thousand heads (animals),Belgium,1975,0.0
Annual,"Live asses, mules and hinnies",Thousand heads (animals),France,1975,44.45
Annual,"Live asses, mules and hinnies",Thousand heads (animals),Italy,1975,287.0
Annual,Live horses,Thousand heads (animals),Netherlands,1975,79.0
Annual,Live horses,Thousand heads (animals),Ireland,1975,57.0
Annual,Live horses,Thousand heads (animals),Italy,1975,253.0
Annual,"Live asses, mules and hinnies",Thousand heads (animals),European Community - 10 countries (1981-1985),1975,794.65
Annual,"Live asses, mules and hinnies",Thousand heads (animals),European Community - 9 countries (1973-1980),1975,363.65
Annual,"Live horses, asses, mules and hinnies",Thousand heads (animals),United Kingdom,1975,173.0
Annual,Live horses,Thousand heads (animals),Greece,1975,158.0
Annual,Live horses,Thousand heads (animals),Luxembourg,1975,3.0
Annual,Live horses,Thousand heads (animals),France,1975,353.67
Annual,"Live horses, asses, mules and hinnies",Thousand heads (animals),Netherlands,1975,79.0
Annual,"Live horses, asses, mules and hinnies",Thousand heads (animals),Federal Republic of Germany (former territory of the FRG only),1975,341.0
Annual,"Live asses, mules and hinnies",Thousand heads (animals),Denmark,1975,0.0
Annual,"Live horses, asses, mules and hinnies",Thousand heads (animals),Belgium,1975,52.0
Annual,"Live asses, mules and hinnies",Thousand heads (animals),Greece,1975,431.0
Annual,Live horses,Thousand heads (animals),United Kingdom,1975,173.0
Annual,"Live horses, asses, mules and hinnies",Thousand heads (animals),Ireland,1975,89.2
Annual,"Live asses, mules and hinnies",Thousand heads (animals),Ireland,1975,32.2
Annual,"Live asses, mules and hinnies",Thousand heads (animals),United Kingdom,1975,0.0
Annual,"Live horses, asses, mules and hinnies",Thousand heads (animals),Luxembourg,1975,3.0
Annual,"Live asses, mules and hinnies",Thousand heads (animals),Federal Republic of Germany (former territory of the FRG only),1975,0.0
Annual,"Live horses, asses, mules and hinnies",Thousand heads (animals),France,1975,398.12
Annual,"Live asses, mules and hinnies",Thousand heads (animals),Netherlands,1975,0.0
Annual,"Live horses, asses, mules and hinnies",Thousand heads (animals),Denmark,1975,58.0
Annual,"Live horses, asses, mules and hinnies",Thousand heads (animals),Italy,1975,540.0
Annual,"Live horses, asses, mules and hinnies",Thousand heads (animals),European Community - 10 countries (1981-1985),1975,2322.32
Annual,"Live horses, asses, mules and hinnies",Thousand heads (animals),European Community - 9 countries (1973-1980),1975,1733.32
Annual,"Live horses, asses, mules and hinnies",Thousand heads (animals),Greece,1975,589.0
Annual,Live horses,Thousand heads (animals),Greece,1976,149.0
Annual,"Live asses, mules and hinnies",Thousand heads (animals),Ireland,1976,32.0
Annual,"Live horses, asses, mules and hinnies",Thousand heads (animals),Federal Republic of Germany (former territory of the FRG only),1976,355.0
Annual,"Live horses, asses, mules and hinnies",Thousand heads (animals),Ireland,1976,83.2
Annual,"Live asses, mules and hinnies",Thousand heads (animals),European Community - 9 countries (1973-1980),1976,361.04
Annual,"Live horses, asses, mules and hinnies",Thousand heads (animals),United Kingdom,1976,169.0
Annual,Live horses,Thousand heads (animals),United Kingdom,1976,169.0
Annual,Live horses,Thousand heads (animals),Ireland,1976,51.2
Annual,"Live asses, mules and hinnies",Thousand heads (animals),France,1976,42.04
Annual,"Live horses, asses, mules and hinnies",Thousand heads (animals),Italy,1976,551.0
Annual,"Live asses, mules and hinnies",Thousand heads (animals),Federal Republic of Germany (former territory of the FRG only),1976,0.0
Annual,"Live asses, mules and hinnies",Thousand heads (animals),Belgium,1976,0.0
Annual,"Live horses, asses, mules and hinnies",Thousand heads (animals),Luxembourg,1976,3.0
Annual,"Live asses, mules and hinnies",Thousand heads (animals),Netherlands,1976,0.0
Annual,"Live horses, asses, mules and hinnies",Thousand heads (animals),France,1976,397.64
Annual,Live horses,Thousand heads (animals),Belgium,1976,49.0
Annual,"Live horses, asses, mules and hinnies",Thousand heads (animals),Greece,1976,565.0
Annual,Live horses,Thousand heads (animals),Denmark,1976,60.0
Annual,"Live asses, mules and hinnies",Thousand heads (animals),Italy,1976,287.0
Annual,"Live asses, mules and hinnies",Thousand heads (animals),Denmark,1976,0.0
Annual,Live horses,Thousand heads (animals),France,1976,355.59
Annual,"Live asses, mules and hinnies",Thousand heads (animals),Greece,1976,416.0
Annual,Live horses,Thousand heads (animals),Luxembourg,1976,3.0
Annual,"Live horses, asses, mules and hinnies",Thousand heads (animals),European Community - 9 countries (1973-1980),1976,1745.84
Annual,Live horses,Thousand heads (animals),Netherlands,1976,78.0
Annual,"Live asses, mules and hinnies",Thousand heads (animals),United Kingdom,1976,0.0
Annual,"Live horses, asses, mules and hinnies",Thousand heads (animals),Netherlands,1976,78.0
Annual,"Live asses, mules and hinnies",Thousand heads (animals),European Community - 10 countries (1981-1985),1976,777.04
Annual,"Live horses, asses, mules and hinnies",Thousand heads (animals),Belgium,1976,49.0
Annual,"Live asses, mules and hinnies",Thousand heads (animals),Luxembourg,1976,0.0
Annual,Live horses,Thousand heads (animals),Italy,1976,264.0
Annual,"Live horses, asses, mules and hinnies",Thousand heads (animals),Denmark,1976,60.0
Annual,"Live horses, asses, mules and hinnies",Thousand heads (animals),European Community - 10 countries (1981-1985),1976,2310.84
Annual,"Live horses, asses, mules and hinnies",Thousand heads (animals),France,1977,379.55
Annual,Live horses,Thousand heads (animals),Belgium,1977,44.0
Annual,"Live horses, asses, mules and hinnies",Thousand heads (animals),European Community - 9 countries (1973-1980),1977,1703.85
Annual,"Live asses, mules and hinnies",Thousand heads (animals),Greece,1977,398.0
Annual,"Live horses, asses, mules and hinnies",Thousand heads (animals),European Community - 10 countries (1981-1985),1977,2239.21
Annual,Live horses,Thousand heads (animals),United Kingdom,1977,166.0
Annual,Live horses,Thousand heads (animals),Netherlands,1977,76.0
Annual,Live horses,Thousand heads (animals),France,1977,341.7
Annual,"Live asses, mules and hinnies",Thousand heads (animals),Federal Republic of Germany (former territory of the FRG only),1977,0.0
Annual,"Live asses, mules and hinnies",Thousand heads (animals),France,1977,37.85
Annual,Live horses,Thousand heads (animals),Luxembourg,1977,2.0
Annual,Live horses,Thousand heads (animals),Ireland,1977,47.5
Annual,"Live asses, mules and hinnies",Thousand heads (animals),European Community - 9 countries (1973-1980),1977,330.65
Annual,"Live horses, asses, mules and hinnies",Thousand heads (animals),Belgium,1977,44.0
Annual,"Live asses, mules and hinnies",Thousand heads (animals),United Kingdom,1977,0.0
Annual,Live horses,Thousand heads (animals),Greece,1977,137.36
Annual,"Live horses, asses, mules and hinnies",Thousand heads (animals),Ireland,1977,80.3
Annual,"Live asses, mules and hinnies",Thousand heads (animals),European Community - 10 countries (1981-1985),1977,728.65
Annual,Live horses,Thousand heads (animals),Italy,1977,264.0
Annual,"Live asses, mules and hinnies",Thousand heads (animals),Ireland,1977,32.8
Annual,"Live horses, asses, mules and hinnies",Thousand heads (animals),Federal Republic of Germany (former territory of the FRG only),1977,371.0
Annual,"Live horses, asses, mules and hinnies",Thousand heads (animals),Denmark,1977,61.0
Annual,Live horses,Thousand heads (animals),Denmark,1977,61.0
Annual,"Live horses, asses, mules and hinnies",Thousand heads (animals),Italy,1977,524.0
Annual,"Live horses, asses, mules and hinnies",Thousand heads (animals),Greece,1977,535.36
Annual,"Live horses, asses, mules and hinnies",Thousand heads (animals),United Kingdom,1977,166.0
Annual,"Live asses, mules and hinnies",Thousand heads (animals),Belgium,1977,0.0
Annual,"Live horses, asses, mules and hinnies",Thousand heads (animals),Netherlands,1977,76.0
Annual,"Live horses, asses, mules and hinnies",Thousand heads (animals),Luxembourg,1977,2.0
Annual,"Live asses, mules and hinnies",Thousand heads (animals),Luxembourg,1977,0.0
Annual,"Live asses, mules and hinnies",Thousand heads (animals),Netherlands,1977,0.0
Annual,"Live asses, mules and hinnies",Thousand heads (animals),Italy,1977,260.0
Annual,"Live asses, mules and hinnies",Thousand heads (animals),Denmark,1977,0.0
Annual,"Live horses, asses, mules and hinnies",Thousand heads (animals),Federal Republic of Germany (former territory of the FRG only),1978,378.0
Annual,Live horses,Thousand heads (animals),Greece,1978,125.6
Annual,"Live asses, mules and hinnies",Thousand heads (animals),European Community - 10 countries (1981-1985),1978,688.97
Annual,"Live horses, asses, mules and hinnies",Thousand heads (animals),Netherlands,1978,75.0
Annual,Live horses,Thousand heads (animals),Netherlands,1978,75.0
Annual,Live horses,Thousand heads (animals),Luxembourg,1978,3.0
Annual,"Live horses, asses, mules and hinnies",Thousand heads (animals),Luxembourg,1978,3.0
Annual,"Live horses, asses, mules and hinnies",Thousand heads (animals),France,1978,373.51
Annual,"Live asses, mules and hinnies",Thousand heads (animals),Denmark,1978,0.0
Annual,Live horses,Thousand heads (animals),Italy,1978,267.55
Annual,"Live horses, asses, mules and hinnies",Thousand heads (animals),Ireland,1978,75.5
Annual,"Live asses, mules and hinnies",Thousand heads (animals),Belgium,1978,0.0
Annual,Live horses,Thousand heads (animals),Denmark,1978,59.0
Annual,"Live asses, mules and hinnies",Thousand heads (animals),Federal Republic of Germany (former territory of the FRG only),1978,0.0
Annual,"Live asses, mules and hinnies",Thousand heads (animals),France,1978,35.12
Annual,"Live asses, mules and hinnies",Thousand heads (animals),Netherlands,1978,0.0
Annual,"Live horses, asses, mules and hinnies",Thousand heads (animals),Belgium,1978,40.0
Annual,"Live asses, mules and hinnies",Thousand heads (animals),Ireland,1978,34.1
Annual,"Live horses, asses, mules and hinnies",Thousand heads (animals),Italy,1978,510.3
Annual,"Live horses, asses, mules and hinnies",Thousand heads (animals),European Community - 10 countries (1981-1985),1978,2178.91
Annual,"Live horses, asses, mules and hinnies",Thousand heads (animals),European Community - 9 countries (1973-1980),1978,1676.31
Annual,Live horses,Thousand heads (animals),Ireland,1978,41.4
Annual,"Live horses, asses, mules and hinnies",Thousand heads (animals),United Kingdom,1978,162.0
Annual,"Live asses, mules and hinnies",Thousand heads (animals),Italy,1978,242.75
Annual,"Live horses, asses, mules and hinnies",Thousand heads (animals),Greece,1978,502.6
Annual,Live horses,Thousand heads (animals),France,1978,338.38
Annual,"Live asses, mules and hinnies",Thousand heads (animals),Greece,1978,377.0
Annual,"Live asses, mules and hinnies",Thousand heads (animals),United Kingdom,1978,0.0
Annual,Live horses,Thousand heads (animals),United Kingdom,1978,162.0
Annual,Live horses,Thousand heads (animals),Belgium,1978,40.0
Annual,"Live asses, mules and hinnies",Thousand heads (animals),European Community - 9 countries (1973-1980),1978,311.97
Annual,"Live horses, asses, mules and hinnies",Thousand heads (animals),Denmark,1978,59.0
Annual,"Live asses, mules and hinnies",Thousand heads (animals),Luxembourg,1978,0.0
Annual,"Live horses, asses, mules and hinnies",Thousand heads (animals),European Community - 9 countries (1973-1980),1979,1673.02
Annual,"Live asses, mules and hinnies",Thousand heads (animals),Greece,1979,356.0
Annual,"Live asses, mules and hinnies",Thousand heads (animals),Denmark,1979,0.0
Annual,Live horses,Thousand heads (animals),Ireland,1979,73.0
Annual,"Live horses, asses, mules and hinnies",Thousand heads (animals),United Kingdom,1979,158.0
Annual,"Live asses, mules and hinnies",Thousand heads (animals),France,1979,32.97
Annual,"Live horses, asses, mules and hinnies",Thousand heads (animals),Denmark,1979,56.0
Annual,"Live horses, asses, mules and hinnies",Thousand heads (animals),Netherlands,1979,70.0
Annual,Live horses,Thousand heads (animals),Greece,1979,115.74
Annual,"Live asses, mules and hinnies",Thousand heads (animals),Federal Republic of Germany (former territory of the FRG only),1979,0.0
Annual,"Live horses, asses, mules and hinnies",Thousand heads (animals),Luxembourg,1979,3.0
Annual,Live horses,Thousand heads (animals),Netherlands,1979,70.0
Annual,"Live horses, asses, mules and hinnies",Thousand heads (animals),Greece,1979,471.74
Annual,Live horses,Thousand heads (animals),Italy,1979,273.0
Annual,"Live asses, mules and hinnies",Thousand heads (animals),European Community - 10 countries (1981-1985),1979,647.97
Annual,"Live asses, mules and hinnies",Thousand heads (animals),Netherlands,1979,0.0
Annual,"Live horses, asses, mules and hinnies",Thousand heads (animals),European Community - 10 countries (1981-1985),1979,2144.76
Annual,"Live asses, mules and hinnies",Thousand heads (animals),Ireland,1979,32.0
Annual,Live horses,Thousand heads (animals),Belgium,1979,36.6
Annual,"Live horses, asses, mules and hinnies",Thousand heads (animals),Belgium,1979,36.6
Annual,Live horses,Thousand heads (animals),United Kingdom,1979,158.0
Annual,"Live horses, asses, mules and hinnies",Thousand heads (animals),Federal Republic of Germany (former territory of the FRG only),1979,380.0
Annual,"Live horses, asses, mules and hinnies",Thousand heads (animals),Italy,1979,500.0
Annual,"Live asses, mules and hinnies",Thousand heads (animals),Luxembourg,1979,0.0
Annual,"Live asses, mules and hinnies",Thousand heads (animals),Italy,1979,227.0
Annual,Live horses,Thousand heads (animals),Luxembourg,1979,3.0
Annual,"Live horses, asses, mules and hinnies",Thousand heads (animals),France,1979,364.42
Annual,"Live asses, mules and hinnies",Thousand heads (animals),European Community - 9 countries (1973-1980),1979,291.97
Annual,Live horses,Thousand heads (animals),France,1979,331.45
Annual,"Live asses, mules and hinnies",Thousand heads (animals),Belgium,1979,0.0
Annual,Live horses,Thousand heads (animals),Denmark,1979,56.0
Annual,"Live horses, asses, mules and hinnies",Thousand heads (animals),Ireland,1979,105.0
Annual,"Live asses, mules and hinnies",Thousand heads (animals),United Kingdom,1979,0.0
Annual,"Live horses, asses, mules and hinnies",Thousand heads (animals),United Kingdom,1980,156.0
Annual,Live horses,Thousand heads (animals),France,1980,303.55
Annual,"Live horses, asses, mules and hinnies",Thousand heads (animals),Ireland,1980,68.5
Annual,"Live asses, mules and hinnies",Thousand heads (animals),Denmark,1980,0.0
Annual,"Live horses, asses, mules and hinnies",Thousand heads (animals),Netherlands,1980,67.0
Annual,"Live horses, asses, mules and hinnies",Thousand heads (animals),Federal Republic of Germany (former territory of the FRG only),1980,381.96
Annual,"Live asses, mules and hinnies",Thousand heads (animals),European Community - 10 countries (1981-1985),1980,613.93
Annual,Live horses,Thousand heads (animals),Greece,1980,105.01
Annual,"Live horses, asses, mules and hinnies",Thousand heads (animals),Luxembourg,1980,1.6
Annual,"Live horses, asses, mules and hinnies",Thousand heads (animals),European Community - 9 countries (1973-1980),1980,1573.27
Annual,"Live asses, mules and hinnies",Thousand heads (animals),Ireland,1980,34.3
Annual,"Live asses, mules and hinnies",Thousand heads (animals),European Community - 9 countries (1973-1980),1980,272.93
Annual,"Live asses, mules and hinnies",Thousand heads (animals),Luxembourg,1980,0.0
Annual,"Live asses, mules and hinnies",Thousand heads (animals),Federal Republic of Germany (former territory of the FRG only),1980,0.0
Annual,Live horses,Thousand heads (animals),Netherlands,1980,67.0
Annual,Live horses,Thousand heads (animals),Denmark,1980,50.0
Annual,"Live asses, mules and hinnies",Thousand heads (animals),France,1980,28.63
Annual,Live horses,Thousand heads (animals),Belgium,1980,33.03
Annual,"Live horses, asses, mules and hinnies",Thousand heads (animals),France,1980,332.18
Annual,"Live asses, mules and hinnies",Thousand heads (animals),Italy,1980,210.0
Annual,"Live horses, asses, mules and hinnies",Thousand heads (animals),European Community - 10 countries (1981-1985),1980,2019.28
Annual,"Live asses, mules and hinnies",Thousand heads (animals),Belgium,1980,0.0
Annual,"Live horses, asses, mules and hinnies",Thousand heads (animals),Greece,1980,446.01
Annual,"Live horses, asses, mules and hinnies",Thousand heads (animals),Belgium,1980,33.03
Annual,Live horses,Thousand heads (animals),Luxembourg,1980,1.6
Annual,"Live horses, asses, mules and hinnies",Thousand heads (animals),Italy,1980,483.0
Annual,Live horses,Thousand heads (animals),Ireland,1980,34.2
Annual,"Live asses, mules and hinnies",Thousand heads (animals),United Kingdom,1980,0.0
Annual,Live horses,Thousand heads (animals),Italy,1980,273.0
Annual,"Live horses, asses, mules and hinnies",Thousand heads (animals),Denmark,1980,50.0
Annual,"Live asses, mules and hinnies",Thousand heads (animals),Greece,1980,341.0
Annual,"Live asses, mules and hinnies",Thousand heads (animals),Netherlands,1980,0.0
Annual,Live horses,Thousand heads (animals),United Kingdom,1980,156.0
Annual,"Live horses, asses, mules and hinnies",Thousand heads (animals),Belgium,1981,31.49
Annual,Live horses,Thousand heads (animals),Italy,1981,272.0
Annual,"Live asses, mules and hinnies",Thousand heads (animals),European Community - 10 countries (1981-1985),1981,594.87
Annual,"Live horses, asses, mules and hinnies",Thousand heads (animals),Federal Republic of Germany (former territory of the FRG only),1981,363.58
Annual,"Live horses, asses, mules and hinnies",Thousand heads (animals),Denmark,1981,44.0
Annual,"Live asses, mules and hinnies",Thousand heads (animals),Denmark,1981,0.0
Annual,Live horses,Thousand heads (animals),Belgium,1981,31.49
Annual,"Live horses, asses, mules and hinnies",Thousand heads (animals),European Community - 10 countries (1981-1985),1981,1949.21
Annual,"Live asses, mules and hinnies",Thousand heads (animals),Ireland,1981,33.8
Annual,"Live asses, mules and hinnies",Thousand heads (animals),Netherlands,1981,0.0
Annual,"Live horses, asses, mules and hinnies",Thousand heads (animals),Italy,1981,480.0
Annual,Live horses,Thousand heads (animals),France,1981,302.67
Annual,"Live asses, mules and hinnies",Thousand heads (animals),Spain,1981,358.0
Annual,"Live asses, mules and hinnies",Thousand heads (animals),France,1981,28.07
Annual,"Live horses, asses, mules and hinnies",Thousand heads (animals),European Community - 9 countries (1973-1980),1981,1528.89
Annual,"Live horses, asses, mules and hinnies",Thousand heads (animals),Luxembourg,1981,1.39
Annual,Live horses,Thousand heads (animals),Ireland,1981,30.9
Annual,"Live asses, mules and hinnies",Thousand heads (animals),Luxembourg,1981,0.0
Annual,"Live horses, asses, mules and hinnies",Thousand heads (animals),United Kingdom,1981,153.0
Annual,"Live asses, mules and hinnies",Thousand heads (animals),United Kingdom,1981,0.0
Annual,"Live horses, asses, mules and hinnies",Thousand heads (animals),Netherlands,1981,60.0
Annual,"Live horses, asses, mules and hinnies",Thousand heads (animals),Greece,1981,420.31
Annual,"Live asses, mules and hinnies",Thousand heads (animals),Greece,1981,325.0
Annual,"Live asses, mules and hinnies",Thousand heads (animals),Federal Republic of Germany (former territory of the FRG only),1981,0.0
Annual,"Live asses, mules and hinnies",Thousand heads (animals),Italy,1981,208.0
Annual,Live horses,Thousand heads (animals),Greece,1981,95.31
Annual,"Live horses, asses, mules and hinnies",Thousand heads (animals),France,1981,330.74
Annual,Live horses,Thousand heads (animals),Netherlands,1981,60.0
Annual,"Live horses, asses, mules and hinnies",Thousand heads (animals),Ireland,1981,64.7
Annual,Live horses,Thousand heads (animals),Denmark,1981,44.0
Annual,"Live horses, asses, mules and hinnies",Thousand heads (animals),Spain,1981,602.0
Annual,"Live asses, mules and hinnies",Thousand heads (animals),Belgium,1981,0.0
Annual,Live horses,Thousand heads (animals),Spain,1981,244.0
Annual,Live horses,Thousand heads (animals),United Kingdom,1981,153.0
Annual,"Live asses, mules and hinnies",Thousand heads (animals),European Community - 9 countries (1973-1980),1981,269.87
Annual,Live horses,Thousand heads (animals),Luxembourg,1981,1.39
Annual,"Live asses, mules and hinnies",Thousand heads (animals),Belgium,1982,0.44
Annual,"Live horses, asses, mules and hinnies",Thousand heads (animals),Belgium,1982,30.69
Annual,"Live asses, mules and hinnies",Thousand heads (animals),European Community - 10 countries (1981-1985),1982,533.94
Annual,"Live horses, asses, mules and hinnies",Thousand heads (animals),Denmark,1982,41.0
Annual,Live horses,Thousand heads (animals),Italy,1982,255.8
Annual,"Live asses, mules and hinnies",Thousand heads (animals),Ireland,1982,33.5
Annual,"Live asses, mules and hinnies",Thousand heads (animals),Italy,1982,165.9
Annual,"Live asses, mules and hinnies",Thousand heads (animals),Federal Republic of Germany (former territory of the FRG only),1982,0.0
Annual,"Live horses, asses, mules and hinnies",Thousand heads (animals),Federal Republic of Germany (former territory of the FRG only),1982,369.1
Annual,"Live horses, asses, mules and hinnies",Thousand heads (animals),Italy,1982,421.7
Annual,"Live asses, mules and hinnies",Thousand heads (animals),Netherlands,1982,0.0
Annual,"Live horses, asses, mules and hinnies",Thousand heads (animals),European Community - 10 countries (1981-1985),1982,1860.15
Annual,Live horses,Thousand heads (animals),Belgium,1982,30.25
Annual,"Live asses, mules and hinnies",Thousand heads (animals),Spain,1982,347.0
Annual,"Live horses, asses, mules and hinnies",Thousand heads (animals),France,1982,330.03
Annual,"Live asses, mules and hinnies",Thousand heads (animals),Greece,1982,308.0
Annual,"Live asses, mules and hinnies",Thousand heads (animals),France,1982,26.1
Annual,Live horses,Thousand heads (animals),United Kingdom,1982,151.0
Annual,"Live horses, asses, mules and hinnies",Thousand heads (animals),Spain,1982,598.0
Annual,Live horses,Thousand heads (animals),Denmark,1982,41.0
Annual,Live horses,Thousand heads (animals),France,1982,303.93
Annual,"Live horses, asses, mules and hinnies",Thousand heads (animals),Netherlands,1982,59.31
Annual,"Live horses, asses, mules and hinnies",Thousand heads (animals),Greece,1982,394.43
Annual,Live horses,Thousand heads (animals),Netherlands,1982,59.31
Annual,Live horses,Thousand heads (animals),Ireland,1982,28.0
Annual,Live horses,Thousand heads (animals),Luxembourg,1982,1.39
Annual,"Live asses, mules and hinnies",Thousand heads (animals),Denmark,1982,0.0
Annual,"Live asses, mules and hinnies",Thousand heads (animals),Luxembourg,1982,0.0
Annual,"Live horses, asses, mules and hinnies",Thousand heads (animals),United Kingdom,1982,151.0
Annual,"Live horses, asses, mules and hinnies",Thousand heads (animals),Luxembourg,1982,1.39
Annual,"Live horses, asses, mules and hinnies",Thousand heads (animals),European Community - 9 countries (1973-1980),1982,1465.72
Annual,"Live asses, mules and hinnies",Thousand heads (animals),United Kingdom,1982,0.0
Annual,Live horses,Thousand heads (animals),Greece,1982,86.43
Annual,"Live horses, asses, mules and hinnies",Thousand heads (animals),Ireland,1982,61.5
Annual,"Live asses, mules and hinnies",Thousand heads (animals),European Community - 9 countries (1973-1980),1982,225.94
Annual,Live horses,Thousand heads (animals),Spain,1982,251.0
Annual,Live horses,Thousand heads (animals),United Kingdom,1983,149.0
Annual,"Live asses, mules and hinnies",Thousand heads (animals),Greece,1983,293.0
Annual,"Live horses, asses, mules and hinnies",Thousand heads (animals),European Community - 10 countries (1981-1985),1983,1805.05
Annual,Live horses,Thousand heads (animals),Netherlands,1983,60.42
Annual,"Live asses, mules and hinnies",Thousand heads (animals),Luxembourg,1983,0.0
Annual,"Live horses, asses, mules and hinnies",Thousand heads (animals),Belgium,1983,28.78
Annual,"Live asses, mules and hinnies",Thousand heads (animals),United Kingdom,1983,0.0
Annual,Live horses,Thousand heads (animals),Luxembourg,1983,1.36
Annual,"Live horses, asses, mules and hinnies",Thousand heads (animals),Netherlands,1983,60.42
Annual,"Live horses, asses, mules and hinnies",Thousand heads (animals),European Community - 9 countries (1973-1980),1983,1432.03
Annual,"Live horses, asses, mules and hinnies",Thousand heads (animals),Italy,1983,413.9
Annual,"Live horses, asses, mules and hinnies",Thousand heads (animals),Federal Republic of Germany (former territory of the FRG only),1983,353.6
Annual,"Live horses, asses, mules and hinnies",Thousand heads (animals),Greece,1983,373.02
Annual,Live horses,Thousand heads (animals),Ireland,1983,26.9
Annual,"Live asses, mules and hinnies",Thousand heads (animals),Federal Republic of Germany (former territory of the FRG only),1983,0.0
Annual,Live horses,Thousand heads (animals),Denmark,1983,33.0
Annual,"Live horses, asses, mules and hinnies",Thousand heads (animals),Ireland,1983,60.4
Annual,Live horses,Thousand heads (animals),Greece,1983,80.02
Annual,Live horses,Thousand heads (animals),Spain,1983,253.0
Annual,"Live horses, asses, mules and hinnies",Thousand heads (animals),Spain,1983,582.0
Annual,"Live asses, mules and hinnies",Thousand heads (animals),Denmark,1983,0.0
Annual,"Live asses, mules and hinnies",Thousand heads (animals),France,1983,25.21
Annual,"Live asses, mules and hinnies",Thousand heads (animals),European Community - 10 countries (1981-1985),1983,512.21
Annual,"Live horses, asses, mules and hinnies",Thousand heads (animals),Luxembourg,1983,1.36
Annual,"Live asses, mules and hinnies",Thousand heads (animals),European Community - 9 countries (1973-1980),1983,219.21
Annual,Live horses,Thousand heads (animals),Belgium,1983,28.78
Annual,"Live horses, asses, mules and hinnies",Thousand heads (animals),France,1983,331.57
Annual,"Live horses, asses, mules and hinnies",Thousand heads (animals),United Kingdom,1983,149.0
Annual,"Live asses, mules and hinnies",Thousand heads (animals),Ireland,1983,33.5
Annual,"Live asses, mules and hinnies",Thousand heads (animals),Belgium,1983,0.0
Annual,"Live asses, mules and hinnies",Thousand heads (animals),Netherlands,1983,0.0
Annual,"Live asses, mules and hinnies",Thousand heads (animals),Spain,1983,329.0
Annual,"Live horses, asses, mules and hinnies",Thousand heads (animals),Denmark,1983,33.0
Annual,"Live asses, mules and hinnies",Thousand heads (animals),Italy,1983,160.5
Annual,Live horses,Thousand heads (animals),France,1983,306.35
Annual,Live horses,Thousand heads (animals),Italy,1983,253.4
Annual,"Live asses, mules and hinnies",Thousand heads (animals),France,1984,23.91
Annual,"Live asses, mules and hinnies",Thousand heads (animals),Greece,1984,277.0
Annual,"Live asses, mules and hinnies",Thousand heads (animals),European Community - 9 countries (1973-1980),1984,211.41
Annual,Live horses,Thousand heads (animals),Denmark,1984,35.0
Annual,Live horses,Thousand heads (animals),Netherlands,1984,64.32
Annual,Live horses,Thousand heads (animals),Belgium,1984,27.54
Annual,"Live horses, asses, mules and hinnies",Thousand heads (animals),Spain,1984,559.0
Annual,"Live asses, mules and hinnies",Thousand heads (animals),Netherlands,1984,0.0
Annual,"Live horses, asses, mules and hinnies",Thousand heads (animals),Netherlands,1984,64.32
Annual,"Live asses, mules and hinnies",Thousand heads (animals),Denmark,1984,0.0
Annual,"Live horses, asses, mules and hinnies",Thousand heads (animals),European Community - 10 countries (1981-1985),1984,1786.75
Annual,"Live horses, asses, mules and hinnies",Thousand heads (animals),France,1984,332.21
Annual,"Live asses, mules and hinnies",Thousand heads (animals),Spain,1984,305.0
Annual,Live horses,Thousand heads (animals),United Kingdom,1984,147.0
Annual,"Live asses, mules and hinnies",Thousand heads (animals),United Kingdom,1984,0.0
Annual,"Live horses, asses, mules and hinnies",Thousand heads (animals),Greece,1984,350.18
Annual,"Live horses, asses, mules and hinnies",Thousand heads (animals),Belgium,1984,27.54
Annual,"Live asses, mules and hinnies",Thousand heads (animals),Belgium,1984,0.0
Annual,Live horses,Thousand heads (animals),Italy,1984,246.3
Annual,"Live asses, mules and hinnies",Thousand heads (animals),Italy,1984,154.8
Annual,"Live horses, asses, mules and hinnies",Thousand heads (animals),Denmark,1984,35.0
Annual,"Live asses, mules and hinnies",Thousand heads (animals),Ireland,1984,32.7
Annual,Live horses,Thousand heads (animals),France,1984,308.3
Annual,"Live horses, asses, mules and hinnies",Thousand heads (animals),Italy,1984,401.1
Annual,"Live horses, asses, mules and hinnies",Thousand heads (animals),Federal Republic of Germany (former territory of the FRG only),1984,370.21
Annual,"Live horses, asses, mules and hinnies",Thousand heads (animals),United Kingdom,1984,147.0
Annual,"Live asses, mules and hinnies",Thousand heads (animals),Luxembourg,1984,0.0
Annual,Live horses,Thousand heads (animals),Luxembourg,1984,1.6
Annual,"Live asses, mules and hinnies",Thousand heads (animals),European Community - 10 countries (1981-1985),1984,488.41
Annual,"Live horses, asses, mules and hinnies",Thousand heads (animals),European Community - 9 countries (1973-1980),1984,1436.57
Annual,Live horses,Thousand heads (animals),Spain,1984,254.0
Annual,Live horses,Thousand heads (animals),Greece,1984,73.18
Annual,"Live horses, asses, mules and hinnies",Thousand heads (animals),Ireland,1984,57.6
Annual,"Live asses, mules and hinnies",Thousand heads (animals),Federal Republic of Germany (former territory of the FRG only),1984,0.0
Annual,"Live horses, asses, mules and hinnies",Thousand heads (animals),Luxembourg,1984,1.6
Annual,Live horses,Thousand heads (animals),Ireland,1984,24.9
Annual,"Live asses, mules and hinnies",Thousand heads (animals),European Community - 10 countries (1981-1985),1985,464.9
Annual,Live horses,Thousand heads (animals),United Kingdom,1985,145.0
Annual,"Live asses, mules and hinnies",Thousand heads (animals),Denmark,1985,0.0
Annual,"Live asses, mules and hinnies",Thousand heads (animals),Ireland,1985,33.7
Annual,"Live asses, mules and hinnies",Thousand heads (animals),Spain,1985,288.0
Annual,"Live asses, mules and hinnies",Thousand heads (animals),Federal Republic of Germany (former territory of the FRG only),1985,0.0
Annual,"Live asses, mules and hinnies",Thousand heads (animals),European Community - 9 countries (1973-1980),1985,202.9
Annual,"Live asses, mules and hinnies",Thousand heads (animals),Belgium,1985,0.0
Annual,"Live asses, mules and hinnies",Thousand heads (animals),Greece,1985,262.0
Annual,"Live horses, asses, mules and hinnies",Thousand heads (animals),Netherlands,1985,62.07
Annual,"Live horses, asses, mules and hinnies",Thousand heads (animals),Greece,1985,328.72
Annual,Live horses,Thousand heads (animals),Ireland,1985,24.0
Annual,Live horses,Thousand heads (animals),France,1985,271.2
Annual,"Live horses, asses, mules and hinnies",Thousand heads (animals),Belgium,1985,26.07
Annual,"Live asses, mules and hinnies",Thousand heads (animals),Italy,1985,149.6
Annual,"Live horses, asses, mules and hinnies",Thousand heads (animals),United Kingdom,1985,145.0
Annual,Live horses,Thousand heads (animals),Italy,1985,248.1
Annual,"Live horses, asses, mules and hinnies",Thousand heads (animals),Ireland,1985,57.7
Annual,"Live asses, mules and hinnies",Thousand heads (animals),United Kingdom,1985,0.0
Annual,"Live asses, mules and hinnies",Thousand heads (animals),France,1985,19.6
Annual,Live horses,Thousand heads (animals),Belgium,1985,26.07
Annual,Live horses,Thousand heads (animals),Greece,1985,66.72
Annual,"Live horses, asses, mules and hinnies",Thousand heads (animals),Federal Republic of Germany (former territory of the FRG only),1985,368.9
Annual,Live horses,Thousand heads (animals),Denmark,1985,34.0
Annual,Live horses,Thousand heads (animals),Spain,1985,252.0
Annual,"Live asses, mules and hinnies",Thousand heads (animals),Luxembourg,1985,0.0
Annual,"Live horses, asses, mules and hinnies",Thousand heads (animals),Denmark,1985,34.0
Annual,"Live horses, asses, mules and hinnies",Thousand heads (animals),European Community - 10 countries (1981-1985),1985,1712.65
Annual,"Live horses, asses, mules and hinnies",Thousand heads (animals),France,1985,290.8
Annual,"Live horses, asses, mules and hinnies",Thousand heads (animals),Luxembourg,1985,1.7
Annual,"Live horses, asses, mules and hinnies",Thousand heads (animals),Italy,1985,397.7
Annual,Live horses,Thousand heads (animals),Luxembourg,1985,1.7
Annual,"Live asses, mules and hinnies",Thousand heads (animals),Netherlands,1985,0.0
Annual,Live horses,Thousand heads (animals),Netherlands,1985,62.07
Annual,"Live horses, asses, mules and hinnies",Thousand heads (animals),Spain,1985,540.0
Annual,"Live horses, asses, mules and hinnies",Thousand heads (animals),European Community - 9 countries (1973-1980),1985,1383.94
Annual,"Live asses, mules and hinnies",Thousand heads (animals),Netherlands,1986,0.0
Annual,Live horses,Thousand heads (animals),Belgium,1986,24.44
Annual,Live horses,Thousand heads (animals),Denmark,1986,34.0
Annual,"Live horses, asses, mules and hinnies",Thousand heads (animals),Italy,1986,396.0
Annual,"Live asses, mules and hinnies",Thousand heads (animals),European Community - 9 countries (1973-1980),1986,194.8
Annual,"Live horses, asses, mules and hinnies",Thousand heads (animals),Denmark,1986,34.0
Annual,"Live asses, mules and hinnies",Thousand heads (animals),Denmark,1986,0.0
Annual,"Live horses, asses, mules and hinnies",Thousand heads (animals),Netherlands,1986,63.06
Annual,"Live horses, asses, mules and hinnies",Thousand heads (animals),Ireland,1986,55.8
Annual,"Live horses, asses, mules and hinnies",Thousand heads (animals),France,1986,287.1
Annual,"Live horses, asses, mules and hinnies",Thousand heads (animals),United Kingdom,1986,145.0
Annual,"Live asses, mules and hinnies",Thousand heads (animals),Italy,1986,142.0
Annual,"Live asses, mules and hinnies",Thousand heads (animals),Belgium,1986,0.0
Annual,"Live horses, asses, mules and hinnies",Thousand heads (animals),Luxembourg,1986,1.7
Annual,"Live horses, asses, mules and hinnies",Thousand heads (animals),Spain,1986,505.0
Annual,"Live asses, mules and hinnies",Thousand heads (animals),Federal Republic of Germany (former territory of the FRG only),1986,0.0
Annual,"Live asses, mules and hinnies",Thousand heads (animals),Portugal,1986,120.0
Annual,"Live asses, mules and hinnies",Thousand heads (animals),Luxembourg,1986,0.0
Annual,"Live horses, asses, mules and hinnies",Thousand heads (animals),Portugal,1986,145.0
Annual,"Live horses, asses, mules and hinnies",Thousand heads (animals),Greece,1986,308.43
Annual,"Live asses, mules and hinnies",Thousand heads (animals),France,1986,18.9
Annual,"Live asses, mules and hinnies",Thousand heads (animals),Spain,1986,257.0
Annual,"Live horses, asses, mules and hinnies",Thousand heads (animals),Federal Republic of Germany (former territory of the FRG only),1986,367.41
Annual,Live horses,Thousand heads (animals),Ireland,1986,21.9
Annual,"Live asses, mules and hinnies",Thousand heads (animals),United Kingdom,1986,0.0
Annual,"Live asses, mules and hinnies",Thousand heads (animals),European Community - 10 countries (1981-1985),1986,437.8
Annual,Live horses,Thousand heads (animals),Spain,1986,248.0
Annual,"Live asses, mules and hinnies",Thousand heads (animals),Greece,1986,243.0
Annual,Live horses,Thousand heads (animals),Greece,1986,65.43
Annual,"Live horses, asses, mules and hinnies",Thousand heads (animals),European Community - 9 countries (1973-1980),1986,1374.51
Annual,Live horses,Thousand heads (animals),Italy,1986,254.0
Annual,Live horses,Thousand heads (animals),United Kingdom,1986,145.0
Annual,"Live horses, asses, mules and hinnies",Thousand heads (animals),Belgium,1986,24.44
Annual,"Live asses, mules and hinnies",Thousand heads (animals),Ireland,1986,33.9
Annual,"Live horses, asses, mules and hinnies",Thousand heads (animals),European Community - 10 countries (1981-1985),1986,1682.94
Annual,Live horses,Thousand heads (animals),Portugal,1986,25.0
Annual,Live horses,Thousand heads (animals),France,1986,268.2
Annual,Live horses,Thousand heads (animals),Netherlands,1986,63.06
Annual,Live horses,Thousand heads (animals),Luxembourg,1986,1.7
Annual,"Live horses, asses, mules and hinnies",Thousand heads (animals),Portugal,1987,145.0
Annual,Live horses,Thousand heads (animals),Italy,1987,254.0
Annual,"Live asses, mules and hinnies",Thousand heads (animals),United Kingdom,1987,0.0
Annual,"Live horses, asses, mules and hinnies",Thousand heads (animals),Greece,1987,308.43
Annual,"Live horses, asses, mules and hinnies",Thousand heads (animals),Netherlands,1987,64.29
Annual,"Live horses, asses, mules and hinnies",Thousand heads (animals),European Community - 9 countries (1973-1980),1987,1375.09
Annual,Live horses,Thousand heads (animals),Denmark,1987,34.0
Annual,Live horses,Thousand heads (animals),Luxembourg,1987,2.65
Annual,Live horses,Thousand heads (animals),France,1987,266.1
Annual,"Live horses, asses, mules and hinnies",Thousand heads (animals),Luxembourg,1987,2.65
Annual,"Live horses, asses, mules and hinnies",Thousand heads (animals),European Community - 10 countries (1981-1985),1987,1683.51
Annual,Live horses,Thousand heads (animals),United Kingdom,1987,145.0
Annual,"Live horses, asses, mules and hinnies",Thousand heads (animals),France,1987,284.3
Annual,"Live asses, mules and hinnies",Thousand heads (animals),Denmark,1987,0.0
Annual,"Live horses, asses, mules and hinnies",Thousand heads (animals),Italy,1987,396.0
Annual,Live horses,Thousand heads (animals),Netherlands,1987,64.29
Annual,Live horses,Thousand heads (animals),Portugal,1987,25.0
Annual,"Live asses, mules and hinnies",Thousand heads (animals),Luxembourg,1987,0.0
Annual,"Live horses, asses, mules and hinnies",Thousand heads (animals),Spain,1987,505.0
Annual,"Live asses, mules and hinnies",Thousand heads (animals),Spain,1987,257.0
Annual,"Live horses, asses, mules and hinnies",Thousand heads (animals),United Kingdom,1987,145.0
Annual,Live horses,Thousand heads (animals),Belgium,1987,23.14
Annual,Live horses,Thousand heads (animals),Greece,1987,65.43
Annual,"Live asses, mules and hinnies",Thousand heads (animals),France,1987,18.2
Annual,"Live horses, asses, mules and hinnies",Thousand heads (animals),Federal Republic of Germany (former territory of the FRG only),1987,371.2
Annual,"Live horses, asses, mules and hinnies",Thousand heads (animals),Ireland,1987,54.5
Annual,"Live asses, mules and hinnies",Thousand heads (animals),Portugal,1987,120.0
Annual,"Live asses, mules and hinnies",Thousand heads (animals),Netherlands,1987,0.0
Annual,"Live horses, asses, mules and hinnies",Thousand heads (animals),Belgium,1987,23.14
Annual,"Live asses, mules and hinnies",Thousand heads (animals),Ireland,1987,34.4
Annual,"Live asses, mules and hinnies",Thousand heads (animals),European Community - 10 countries (1981-1985),1987,437.6
Annual,Live horses,Thousand heads (animals),Spain,1987,248.0
Annual,"Live asses, mules and hinnies",Thousand heads (animals),Italy,1987,142.0
Annual,"Live asses, mules and hinnies",Thousand heads (animals),Greece,1987,243.0
Annual,"Live asses, mules and hinnies",Thousand heads (animals),European Community - 9 countries (1973-1980),1987,194.6
Annual,"Live asses, mules and hinnies",Thousand heads (animals),Belgium,1987,0.0
Annual,Live horses,Thousand heads (animals),Ireland,1987,20.1
Annual,"Live asses, mules and hinnies",Thousand heads (animals),Federal Republic of Germany (former territory of the FRG only),1987,0.0
Annual,"Live horses, asses, mules and hinnies",Thousand heads (animals),Denmark,1987,34.0
Annual,"Live horses, asses, mules and hinnies",Thousand heads (animals),Denmark,1988,34.0
Annual,"Live asses, mules and hinnies",Thousand heads (animals),Portugal,1988,120.0
Annual,"Live asses, mules and hinnies",Thousand heads (animals),Netherlands,1988,0.0
Annual,"Live horses, asses, mules and hinnies",Thousand heads (animals),France,1988,330.8
Annual,"Live horses, asses, mules and hinnies",Thousand heads (animals),Ireland,1988,54.5
Annual,"Live horses, asses, mules and hinnies",Thousand heads (animals),Spain,1988,505.0
Annual,"Live horses, asses, mules and hinnies",Thousand heads (animals),European Community - 10 countries (1981-1985),1988,1689.01
Annual,"Live horses, asses, mules and hinnies",Thousand heads (animals),Federal Republic of Germany (former territory of the FRG only),1988,374.95
Annual,"Live asses, mules and hinnies",Thousand heads (animals),United Kingdom,1988,0.0
Annual,"Live horses, asses, mules and hinnies",Thousand heads (animals),Belgium,1988,22.14
Annual,"Live horses, asses, mules and hinnies",Thousand heads (animals),Greece,1988,308.43
Annual,"Live asses, mules and hinnies",Thousand heads (animals),Federal Republic of Germany (former territory of the FRG only),1988,0.0
Annual,"Live horses, asses, mules and hinnies",Thousand heads (animals),European Community - 9 countries (1973-1980),1988,1380.59
Annual,"Live asses, mules and hinnies",Thousand heads (animals),Ireland,1988,34.4
Annual,"Live asses, mules and hinnies",Thousand heads (animals),Greece,1988,243.0
Annual,Live horses,Thousand heads (animals),Portugal,1988,25.0
Annual,Live horses,Thousand heads (animals),Belgium,1988,22.14
Annual,Live horses,Thousand heads (animals),Italy,1988,220.2
Annual,Live horses,Thousand heads (animals),France,1988,318.1
Annual,Live horses,Thousand heads (animals),Spain,1988,248.0
Annual,"Live asses, mules and hinnies",Thousand heads (animals),European Community - 10 countries (1981-1985),1988,418.14
Annual,Live horses,Thousand heads (animals),Greece,1988,65.43
Annual,Live horses,Thousand heads (animals),Ireland,1988,20.1
Annual,Live horses,Thousand heads (animals),Denmark,1988,34.0
Annual,"Live asses, mules and hinnies",Thousand heads (animals),European Community - 9 countries (1973-1980),1988,175.14
Annual,"Live asses, mules and hinnies",Thousand heads (animals),France,1988,12.7
Annual,"Live horses, asses, mules and hinnies",Thousand heads (animals),United Kingdom,1988,145.0
Annual,"Live asses, mules and hinnies",Thousand heads (animals),Italy,1988,128.04
Annual,"Live asses, mules and hinnies",Thousand heads (animals),Belgium,1988,0.0
Annual,"Live asses, mules and hinnies",Thousand heads (animals),Spain,1988,257.0
Annual,Live horses,Thousand heads (animals),United Kingdom,1988,145.0
Annual,"Live horses, asses, mules and hinnies",Thousand heads (animals),Portugal,1988,145.0
Annual,Live horses,Thousand heads (animals),Luxembourg,1988,2.65
Annual,Live horses,Thousand heads (animals),Netherlands,1988,68.3
Annual,"Live asses, mules and hinnies",Thousand heads (animals),Luxembourg,1988,0.0
Annual,"Live asses, mules and hinnies",Thousand heads (animals),Denmark,1988,0.0
Annual,"Live horses, asses, mules and hinnies",Thousand heads (animals),Italy,1988,348.24
Annual,"Live horses, asses, mules and hinnies",Thousand heads (animals),Luxembourg,1988,2.65
Annual,"Live horses, asses, mules and hinnies",Thousand heads (animals),Netherlands,1988,68.3
Annual,"Live horses, asses, mules and hinnies",Thousand heads (animals),Netherlands,1989,66.71
Annual,"Live asses, mules and hinnies",Thousand heads (animals),Netherlands,1989,0.0
Annual,Live horses,Thousand heads (animals),Denmark,1989,34.0
Annual,Live horses,Thousand heads (animals),Netherlands,1989,66.71
Annual,Live horses,Thousand heads (animals),Ireland,1989,20.1
Annual,"Live asses, mules and hinnies",Thousand heads (animals),United Kingdom,1989,0.0
Annual,"Live asses, mules and hinnies",Thousand heads (animals),Ireland,1989,34.4
Annual,"Live horses, asses, mules and hinnies",Thousand heads (animals),Italy,1989,348.24
Annual,"Live horses, asses, mules and hinnies",Thousand heads (animals),Belgium,1989,21.19
Annual,Live horses,Thousand heads (animals),Luxembourg,1989,2.65
Annual,"Live asses, mules and hinnies",Thousand heads (animals),European Community - 10 countries (1981-1985),1989,421.15
Annual,Live horses,Thousand heads (animals),Spain,1989,248.0
Annual,"Live horses, asses, mules and hinnies",Thousand heads (animals),France,1989,332.0
Annual,"Live horses, asses, mules and hinnies",Thousand heads (animals),European Community - 9 countries (1973-1980),1989,1379.23
Annual,Live horses,Thousand heads (animals),France,1989,319.0
Annual,"Live asses, mules and hinnies",Thousand heads (animals),Denmark,1989,0.0
Annual,Live horses,Thousand heads (animals),Greece,1989,65.43
Annual,"Live horses, asses, mules and hinnies",Thousand heads (animals),Spain,1989,505.0
Annual,"Live horses, asses, mules and hinnies",Thousand heads (animals),Denmark,1989,34.0
Annual,"Live horses, asses, mules and hinnies",Thousand heads (animals),European Community - 10 countries (1981-1985),1989,1687.66
Annual,Live horses,Thousand heads (animals),Portugal,1989,21.0
Annual,"Live horses, asses, mules and hinnies",Thousand heads (animals),Portugal,1989,145.0
Annual,"Live horses, asses, mules and hinnies",Thousand heads (animals),Ireland,1989,54.5
Annual,"Live horses, asses, mules and hinnies",Thousand heads (animals),Greece,1989,308.43
Annual,"Live asses, mules and hinnies",Thousand heads (animals),Belgium,1989,2.71
Annual,"Live asses, mules and hinnies",Thousand heads (animals),Italy,1989,128.04
Annual,"Live asses, mules and hinnies",Thousand heads (animals),Federal Republic of Germany (former territory of the FRG only),1989,0.0
Annual,"Live asses, mules and hinnies",Thousand heads (animals),Luxembourg,1989,0.0
Annual,"Live horses, asses, mules and hinnies",Thousand heads (animals),Luxembourg,1989,2.65
Annual,"Live horses, asses, mules and hinnies",Thousand heads (animals),United Kingdom,1989,145.0
Annual,Live horses,Thousand heads (animals),Italy,1989,220.2
Annual,"Live horses, asses, mules and hinnies",Thousand heads (animals),Federal Republic of Germany (former territory of the FRG only),1989,374.95
Annual,"Live asses, mules and hinnies",Thousand heads (animals),France,1989,13.0
Annual,"Live asses, mules and hinnies",Thousand heads (animals),Greece,1989,243.0
Annual,Live horses,Thousand heads (animals),Belgium,1989,18.48
Annual,"Live asses, mules and hinnies",Thousand heads (animals),Spain,1989,257.0
Annual,"Live asses, mules and hinnies",Thousand heads (animals),Portugal,1989,124.0
Annual,"Live asses, mules and hinnies",Thousand heads (animals),European Community - 9 countries (1973-1980),1989,178.15
Annual,Live horses,Thousand heads (animals),United Kingdom,1989,145.0
Annual,"Live asses, mules and hinnies",Thousand heads (animals),Greece,1990,243.0
Annual,"Live asses, mules and hinnies",Thousand heads (animals),Portugal,1990,124.0
Annual,"Live asses, mules and hinnies",Thousand heads (animals),France,1990,12.7
Annual,"Live asses, mules and hinnies",Thousand heads (animals),Italy,1990,128.04
Annual,"Live asses, mules and hinnies",Thousand heads (animals),Netherlands,1990,0.0
Annual,"Live asses, mules and hinnies",Thousand heads (animals),Luxembourg,1990,0.0
Annual,"Live asses, mules and hinnies",Thousand heads (animals),Spain,1990,257.0
Annual,"Live horses, asses, mules and hinnies",Thousand heads (animals),European Community - 12 countries (1986-1994),1990,2459.479
Annual,Live horses,Thousand heads (animals),Ireland,1990,20.1
Annual,"Live asses, mules and hinnies",Thousand heads (animals),Federal Republic of Germany (former territory of the FRG only),1990,0.0
Annual,Live horses,Thousand heads (animals),Belgium,1990,18.478
Annual,Live horses,Thousand heads (animals),European Community - 12 countries (1986-1994),1990,1657.628
Annual,"Live horses, asses, mules and hinnies",Thousand heads (animals),Albania,1990,181.0
Annual,"Live horses, asses, mules and hinnies",Thousand heads (animals),North Macedonia,1990,66.0
Annual,"Live horses, asses, mules and hinnies",Thousand heads (animals),United Kingdom,1990,145.0
Annual,"Live horses, asses, mules and hinnies",Thousand heads (animals),Slovakia,1990,14.0
Annual,"Live horses, asses, mules and hinnies",Thousand heads (animals),Slovenia,1990,10.0
Annual,"Live horses, asses, mules and hinnies",Thousand heads (animals),Romania,1990,670.0
Annual,"Live horses, asses, mules and hinnies",Thousand heads (animals),Portugal,1990,145.0
Annual,"Live asses, mules and hinnies",Thousand heads (animals),Ireland,1990,34.4
Annual,"Live horses, asses, mules and hinnies",Thousand heads (animals),Poland,1990,941.2
Annual,"Live horses, asses, mules and hinnies",Thousand heads (animals),Netherlands,1990,69.592
Annual,"Live horses, asses, mules and hinnies",Thousand heads (animals),Hungary,1990,79.0
Annual,"Live horses, asses, mules and hinnies",Thousand heads (animals),Luxembourg,1990,2.775
Annual,Live horses,Thousand heads (animals),Denmark,1990,34.0
Annual,"Live horses, asses, mules and hinnies",Thousand heads (animals),Lithuania,1990,79.9
Annual,"Live horses, asses, mules and hinnies",Thousand heads (animals),Italy,1990,348.24
Annual,"Live horses, asses, mules and hinnies",Thousand heads (animals),Croatia,1990,18.0
Annual,"Live horses, asses, mules and hinnies",Thousand heads (animals),France,1990,334.8
Annual,"Live horses, asses, mules and hinnies",Thousand heads (animals),Spain,1990,505.0
Annual,"Live horses, asses, mules and hinnies",Thousand heads (animals),Greece,1990,308.429
Annual,"Live horses, asses, mules and hinnies",Thousand heads (animals),Ireland,1990,54.5
Annual,"Live horses, asses, mules and hinnies",Thousand heads (animals),Federal Republic of Germany (former territory of the FRG only),1990,405.965
Annual,"Live horses, asses, mules and hinnies",Thousand heads (animals),Germany (until 1990 former territory of the FRG),1990,490.954
Annual,"Live horses, asses, mules and hinnies",Thousand heads (animals),Denmark,1990,34.0
Annual,"Live horses, asses, mules and hinnies",Thousand heads (animals),Czechia,1990,25.0
Annual,"Live horses, asses, mules and hinnies",Thousand heads (animals),Bulgaria,1990,115.0
Annual,"Live horses, asses, mules and hinnies",Thousand heads (animals),Belgium,1990,21.189
Annual,"Live horses, asses, mules and hinnies",Thousand heads (animals),European Community - 9 countries (1973-1980),1990,1416.061
Annual,"Live horses, asses, mules and hinnies",Thousand heads (animals),European Community - 10 countries (1981-1985),1990,1724.49
Annual,"Live horses, asses, mules and hinnies",Thousand heads (animals),Latvia,1990,30.9
Annual,Live horses,Thousand heads (animals),Germany (until 1990 former territory of the FRG),1990,490.954
Annual,"Live asses, mules and hinnies",Thousand heads (animals),United Kingdom,1990,0.0
Annual,"Live asses, mules and hinnies",Thousand heads (animals),European Community - 10 countries (1981-1985),1990,420.851
Annual,"Live asses, mules and hinnies",Thousand heads (animals),European Community - 9 countries (1973-1980),1990,177.851
Annual,"Live asses, mules and hinnies",Thousand heads (animals),Denmark,1990,0.0
Annual,"Live asses, mules and hinnies",Thousand heads (animals),European Community - 12 countries (1986-1994),1990,801.851
Annual,Live horses,Thousand heads (animals),Spain,1990,248.0
Annual,Live horses,Thousand heads (animals),Greece,1990,65.429
Annual,Live horses,Thousand heads (animals),United Kingdom,1990,145.0
Annual,Live horses,Thousand heads (animals),Italy,1990,220.2
Annual,"Live asses, mules and hinnies",Thousand heads (animals),Germany (until 1990 former territory of the FRG),1990,0.0
Annual,Live horses,Thousand heads (animals),Portugal,1990,21.0
Annual,Live horses,Thousand heads (animals),Luxembourg,1990,2.775
Annual,Live horses,Thousand heads (animals),Netherlands,1990,69.592
Annual,Live horses,Thousand heads (animals),France,1990,322.1
Annual,"Live asses, mules and hinnies",Thousand heads (animals),Belgium,1990,2.711
Annual,"Live horses, asses, mules and hinnies",Thousand heads (animals),Lithuania,1991,82.6
Annual,"Live horses, asses, mules and hinnies",Thousand heads (animals),Slovakia,1991,13.0
Annual,Live horses,Thousand heads (animals),Netherlands,1991,76.716
Annual,"Live horses, asses, mules and hinnies",Thousand heads (animals),Slovenia,1991,11.0
Annual,"Live horses, asses, mules and hinnies",Thousand heads (animals),Croatia,1991,19.0
Annual,"Live horses, asses, mules and hinnies",Thousand heads (animals),Poland,1991,938.9
Annual,"Live horses, asses, mules and hinnies",Thousand heads (animals),France,1991,340.3
Annual,"Live horses, asses, mules and hinnies",Thousand heads (animals),Latvia,1991,30.0
Annual,"Live asses, mules and hinnies",Thousand heads (animals),Belgium,1991,0.362
Annual,"Live horses, asses, mules and hinnies",Thousand heads (animals),Hungary,1991,78.0
Annual,"Live horses, asses, mules and hinnies",Thousand heads (animals),Belgium,1991,21.329
Annual,Live horses,Thousand heads (animals),Belgium,1991,20.967
Annual,"Live horses, asses, mules and hinnies",Thousand heads (animals),Bulgaria,1991,114.0
Annual,"Live horses, asses, mules and hinnies",Thousand heads (animals),Czechia,1991,21.0
Annual,"Live horses, asses, mules and hinnies",Thousand heads (animals),North Macedonia,1991,65.0
Annual,"Live asses, mules and hinnies",Thousand heads (animals),France,1991,12.4
Annual,"Live asses, mules and hinnies",Thousand heads (animals),Germany (until 1990 former territory of the FRG),1991,0.0
Annual,"Live horses, asses, mules and hinnies",Thousand heads (animals),Germany (until 1990 former territory of the FRG),1991,0.0
Annual,Live horses,Thousand heads (animals),France,1991,327.9
Annual,"Live horses, asses, mules and hinnies",Thousand heads (animals),Romania,1991,749.0
Annual,"Live horses, asses, mules and hinnies",Thousand heads (animals),Netherlands,1991,76.716
Annual,"Live asses, mules and hinnies",Thousand heads (animals),Netherlands,1991,0.0
Annual,"Live horses, asses, mules and hinnies",Thousand heads (animals),Albania,1991,181.0
Annual,Live horses,Thousand heads (animals),Germany (until 1990 former territory of the FRG),1991,0.0
Annual,"Live horses, asses, mules and hinnies",Thousand heads (animals),Hungary,1992,75.0
Annual,"Live horses, asses, mules and hinnies",Thousand heads (animals),Netherlands,1992,86.421
Annual,Live horses,Thousand heads (animals),Germany (until 1990 former territory of the FRG),1992,530.957
Annual,"Live horses, asses, mules and hinnies",Thousand heads (animals),Latvia,1992,28.4
Annual,"Live horses, asses, mules and hinnies",Thousand heads (animals),Croatia,1992,13.0
Annual,"Live asses, mules and hinnies",Thousand heads (animals),Netherlands,1992,0.0
Annual,"Live asses, mules and hinnies",Thousand heads (animals),Belgium,1992,6.0
Annual,"Live horses, asses, mules and hinnies",Thousand heads (animals),Germany (until 1990 former territory of the FRG),1992,530.957
Annual,"Live horses, asses, mules and hinnies",Thousand heads (animals),Czechia,1992,19.0
Annual,"Live asses, mules and hinnies",Thousand heads (animals),Germany (until 1990 former territory of the FRG),1992,0.0
Annual,"Live horses, asses, mules and hinnies",Thousand heads (animals),Bulgaria,1992,114.0
Annual,"Live horses, asses, mules and hinnies",Thousand heads (animals),Belgium,1992,21.0
Annual,"Live horses, asses, mules and hinnies",Thousand heads (animals),Lithuania,1992,79.7
Annual,"Live horses, asses, mules and hinnies",Thousand heads (animals),Poland,1992,899.5
Annual,Live horses,Thousand heads (animals),Netherlands,1992,86.421
Annual,"Live horses, asses, mules and hinnies",Thousand heads (animals),Slovenia,1992,9.0
Annual,"Live horses, asses, mules and hinnies",Thousand heads (animals),Slovakia,1992,12.0
Annual,Live horses,Thousand heads (animals),Belgium,1992,15.0
Annual,"Live horses, asses, mules and hinnies",Thousand heads (animals),Romania,1992,721.0
Annual,"Live horses, asses, mules and hinnies",Thousand heads (animals),North Macedonia,1992,65.0
Annual,"Live horses, asses, mules and hinnies",Thousand heads (animals),Albania,1992,168.0
Annual,"Live horses, asses, mules and hinnies",Thousand heads (animals),Romania,1993,751.0
Annual,"Live horses, asses, mules and hinnies",Thousand heads (animals),Poland,1993,841.3
Annual,"Live horses, asses, mules and hinnies",Thousand heads (animals),Slovakia,1993,11.0
Annual,"Live horses, asses, mules and hinnies",Thousand heads (animals),Croatia,1993,12.0
Annual,"Live asses, mules and hinnies",Thousand heads (animals),Netherlands,1993,0.0
Annual,"Live horses, asses, mules and hinnies",Thousand heads (animals),Albania,1993,198.0
Annual,"Live horses, asses, mules and hinnies",Thousand heads (animals),Latvia,1993,26.2
Annual,"Live horses, asses, mules and hinnies",Thousand heads (animals),Czechia,1993,18.0
Annual,"Live horses, asses, mules and hinnies",Thousand heads (animals),Slovenia,1993,9.0
Annual,"Live horses, asses, mules and hinnies",Thousand heads (animals),North Macedonia,1993,62.0
Annual,"Live asses, mules and hinnies",Thousand heads (animals),Germany (until 1990 former territory of the FRG),1993,0.0
Annual,"Live horses, asses, mules and hinnies",Thousand heads (animals),Lithuania,1993,81.3
Annual,"Live horses, asses, mules and hinnies",Thousand heads (animals),Bulgaria,1993,113.0
Annual,Live horses,Thousand heads (animals),Germany (until 1990 former territory of the FRG),1993,0.0
Annual,"Live horses, asses, mules and hinnies",Thousand heads (animals),Netherlands,1993,92.0
Annual,Live horses,Thousand heads (animals),Netherlands,1993,92.0
Annual,"Live horses, asses, mules and hinnies",Thousand heads (animals),Germany (until 1990 former territory of the FRG),1993,0.0
Annual,"Live horses, asses, mules and hinnies",Thousand heads (animals),Hungary,1993,71.0
Annual,"Live horses, asses, mules and hinnies",Thousand heads (animals),Romania,1994,784.0
Annual,"Live horses, asses, mules and hinnies",Thousand heads (animals),Czechia,1994,18.0
Annual,"Live horses, asses, mules and hinnies",Thousand heads (animals),North Macedonia,1994,62.0
Annual,"Live horses, asses, mules and hinnies",Thousand heads (animals),Slovakia,1994,11.0
Annual,"Live horses, asses, mules and hinnies",Thousand heads (animals),Hungary,1994,78.0
Annual,"Live horses, asses, mules and hinnies",Thousand heads (animals),Croatia,1994,7.0
Annual,"Live horses, asses, mules and hinnies",Thousand heads (animals),Albania,1994,201.0
Annual,"Live horses, asses, mules and hinnies",Thousand heads (animals),Poland,1994,621.7
Annual,"Live horses, asses, mules and hinnies",Thousand heads (animals),Bulgaria,1994,133.0
Annual,"Live horses, asses, mules and hinnies",Thousand heads (animals),Germany (until 1990 former territory of the FRG),1994,598.848
Annual,"Live horses, asses, mules and hinnies",Thousand heads (animals),Slovenia,1994,8.0
Annual,"Live asses, mules and hinnies",Thousand heads (animals),Germany (until 1990 former territory of the FRG),1994,0.0
Annual,"Live horses, asses, mules and hinnies",Thousand heads (animals),Latvia,1994,26.8
Annual,Live horses,Thousand heads (animals),Germany (until 1990 former territory of the FRG),1994,598.848
Annual,"Live horses, asses, mules and hinnies",Thousand heads (animals),Lithuania,1994,78.2
Annual,"Live horses, asses, mules and hinnies",Thousand heads (animals),North Macedonia,1995,62.0
Annual,Live horses,Thousand heads (animals),Germany (until 1990 former territory of the FRG),1995,0.0
Annual,"Live horses, asses, mules and hinnies",Thousand heads (animals),Germany (until 1990 former territory of the FRG),1995,0.0
Annual,"Live horses, asses, mules and hinnies",Thousand heads (animals),Slovenia,1995,8.0
Annual,"Live horses, asses, mules and hinnies",Thousand heads (animals),Slovakia,1995,10.0
Annual,"Live horses, asses, mules and hinnies",Thousand heads (animals),Croatia,1995,9.0
Annual,"Live horses, asses, mules and hinnies",Thousand heads (animals),Bulgaria,1995,151.0
Annual,"Live horses, asses, mules and hinnies",Thousand heads (animals),Latvia,1995,27.2
Annual,"Live horses, asses, mules and hinnies",Thousand heads (animals),Lithuania,1995,77.6
Annual,"Live horses, asses, mules and hinnies",Thousand heads (animals),Romania,1995,806.0
Annual,"Live horses, asses, mules and hinnies",Thousand heads (animals),Hungary,1995,71.0
Annual,"Live asses, mules and hinnies",Thousand heads (animals),Germany (until 1990 former territory of the FRG),1995,0.0
Annual,"Live horses, asses, mules and hinnies",Thousand heads (animals),Poland,1995,635.8
Annual,"Live horses, asses, mules and hinnies",Thousand heads (animals),Albania,1995,230.0
Annual,"Live horses, asses, mules and hinnies",Thousand heads (animals),Czechia,1995,19.0
Annual,"Live horses, asses, mules and hinnies",Thousand heads (animals),Albania,1996,226.0
Annual,"Live horses, asses, mules and hinnies",Thousand heads (animals),Bulgaria,1996,170.0
Annual,"Live asses, mules and hinnies",Thousand heads (animals),Germany (until 1990 former territory of the FRG),1996,0.0
Annual,"Live horses, asses, mules and hinnies",Thousand heads (animals),Slovakia,1996,10.0
Annual,"Live horses, asses, mules and hinnies",Thousand heads (animals),Latvia,1996,25.8
Annual,"Live horses, asses, mules and hinnies",Thousand heads (animals),Hungary,1996,70.0
Annual,"Live horses, asses, mules and hinnies",Thousand heads (animals),Romania,1996,816.0
Annual,"Live horses, asses, mules and hinnies",Thousand heads (animals),Lithuania,1996,81.4
Annual,"Live horses, asses, mules and hinnies",Thousand heads (animals),Czechia,1996,19.0
Annual,"Live horses, asses, mules and hinnies",Thousand heads (animals),Slovenia,1996,8.0
Annual,"Live horses, asses, mules and hinnies",Thousand heads (animals),Croatia,1996,8.0
Annual,"Live horses, asses, mules and hinnies",Thousand heads (animals),Poland,1996,568.8
Annual,Live horses,Thousand heads (animals),Germany (until 1990 former territory of the FRG),1996,652.444
Annual,"Live horses, asses, mules and hinnies",Thousand heads (animals),North Macedonia,1996,66.0
Annual,"Live horses, asses, mules and hinnies",Thousand heads (animals),Germany (until 1990 former territory of the FRG),1996,652.444
Annual,"Live horses, asses, mules and hinnies",Thousand heads (animals),Croatia,1997,8.0
Annual,"Live horses, asses, mules and hinnies",Thousand heads (animals),Slovakia,1997,10.0
Annual,"Live horses, asses, mules and hinnies",Thousand heads (animals),Albania,1997,232.0
Annual,"Live horses, asses, mules and hinnies",Thousand heads (animals),Latvia,1997,23.3
Annual,"Live horses, asses, mules and hinnies",Thousand heads (animals),Romania,1997,822.0
Annual,"Live horses, asses, mules and hinnies",Thousand heads (animals),Lithuania,1997,81.8
Annual,"Live horses, asses, mules and hinnies",Thousand heads (animals),North Macedonia,1997,66.0
Annual,"Live horses, asses, mules and hinnies",Thousand heads (animals),Poland,1997,557.9
Annual,"Live horses, asses, mules and hinnies",Thousand heads (animals),Bulgaria,1997,126.0
Annual,"Live horses, asses, mules and hinnies",Thousand heads (animals),Czechia,1997,20.0
